date,type,side,outcome,R
2021-06-16,FOMC,short,tp,2.99
2021-07-13,CPI,short,tp,2.99
2021-07-14,PPI,long,stop,-1.04
2021-07-28,FOMC,short,stop,-1.04
2021-08-11,CPI,long,tp,2.99
2021-08-12,PPI,short,tp,2.99
2021-09-10,PPI,,nofill,0.0
2021-09-14,CPI,long,tp,2.99
2021-09-22,FOMC,long,whipsaw,-1.04
2021-10-13,CPI,short,stop,-1.04
2021-10-14,PPI,,nofill,0.0
2021-11-03,FOMC,long,stop,-1.04
2021-11-09,PPI,long,stop,-1.04
2021-11-10,CPI,short,tp,2.99
2021-12-10,CPI,long,tp,2.99
2021-12-14,PPI,short,tp,2.99
2021-12-15,FOMC,short,stop,-1.04
2023-01-12,CPI,short,stop,-1.04
2023-01-18,PPI,long,stop,-1.04
2023-02-01,FOMC,short,stop,-1.04
2023-02-14,CPI,short,tp,2.99
2023-02-16,PPI,short,tp,2.99
2023-03-14,CPI,long,whipsaw,-1.04
2023-03-15,PPI,long,stop,-1.04
2023-03-22,FOMC,long,stop,-1.04
2023-04-12,CPI,long,tp,2.99
2023-04-13,PPI,long,tp,2.99
2023-05-03,FOMC,long,whipsaw,-1.04
2023-05-10,CPI,long,tp,2.99
2023-05-11,PPI,,nofill,0.0
2023-06-13,CPI,long,whipsaw,-1.04
2023-06-14,PPI,long,stop,-1.04
2023-06-14,FOMC,short,tp,2.99
2023-07-12,CPI,long,tp,2.99
2023-07-13,PPI,long,stop,-1.04
2023-07-26,FOMC,long,whipsaw,-1.04
2023-08-10,CPI,long,stop,-1.04
2023-08-11,PPI,short,tp,2.99
2023-09-13,CPI,short,tp,2.99
2023-09-14,PPI,short,stop,-1.04
2023-09-20,FOMC,short,stop,-1.04
2023-10-11,PPI,short,stop,-1.04
2023-10-12,CPI,short,tp,2.99
2023-11-01,FOMC,long,stop,-1.04
2023-11-14,CPI,long,whipsaw,-1.04
2023-11-15,PPI,long,stop,-1.04
2023-12-12,CPI,long,whipsaw,-1.04
2023-12-13,PPI,long,stop,-1.04
2023-12-13,FOMC,long,tp,2.99
2024-01-11,CPI,long,whipsaw,-1.04
2024-01-12,PPI,long,tp,2.99
2024-01-31,FOMC,short,tp,2.99
2024-02-13,CPI,long,whipsaw,-1.04
2024-02-16,PPI,short,tp,2.99
2024-03-12,CPI,short,stop,-1.04
2024-03-14,PPI,short,stop,-1.04
2024-03-20,FOMC,long,tp,2.99
2024-04-10,CPI,short,tp,2.99
2024-04-11,PPI,long,whipsaw,-1.04
2024-05-01,FOMC,long,stop,-1.04
2024-05-14,PPI,short,tp,2.99
2024-05-15,CPI,long,tp,2.99
2024-06-12,CPI,long,tp,2.99
2024-06-12,FOMC,short,stop,-1.04
2024-06-13,PPI,long,whipsaw,-1.04
2024-07-11,CPI,long,tp,2.99
2024-07-12,PPI,short,stop,-1.04
2024-07-31,FOMC,long,stop,-1.04
2024-08-13,PPI,long,tp,2.99
2024-08-14,CPI,long,whipsaw,-1.04
2024-09-11,CPI,short,tp,2.99
2024-09-12,PPI,short,stop,-1.04
2024-09-18,FOMC,long,whipsaw,-1.04
2024-10-10,CPI,long,whipsaw,-1.04
2024-10-11,PPI,short,stop,-1.04
2024-11-07,FOMC,,nofill,0.0
2024-11-13,CPI,long,tp,2.99
2024-11-14,PPI,short,stop,-1.04
2024-12-11,CPI,long,tp,2.99
2024-12-12,PPI,short,tp,2.99
2024-12-18,FOMC,short,tp,2.99
2025-01-14,PPI,long,tp,2.99
2025-01-15,CPI,long,tp,2.99
2025-01-29,FOMC,short,stop,-1.04
2025-02-12,CPI,short,tp,2.99
2025-02-13,PPI,long,stop,-1.04
2025-03-12,CPI,long,tp,2.99
2025-03-13,PPI,long,stop,-1.04
2025-03-19,FOMC,long,whipsaw,-1.04
2025-04-10,CPI,long,tp,2.99
2025-04-11,PPI,long,stop,-1.04
2025-05-07,FOMC,short,tp,2.99
2025-05-13,CPI,long,stop,-1.04
2025-05-15,PPI,long,stop,-1.04
2025-06-11,CPI,long,tp,2.99
2025-06-12,PPI,long,whipsaw,-1.04
2025-06-18,FOMC,long,stop,-1.04
2025-07-15,CPI,long,stop,-1.04
2025-07-16,PPI,long,stop,-1.04
2025-07-30,FOMC,,nofill,0.0
2025-08-12,CPI,long,tp,2.99
2025-08-14,PPI,short,tp,2.99
2025-09-10,PPI,long,tp,2.99
2025-09-11,CPI,long,whipsaw,-1.04
2025-09-17,FOMC,long,stop,-1.04
2025-10-24,CPI,long,whipsaw,-1.04
2025-10-29,FOMC,long,stop,-1.04
2025-11-25,PPI,short,stop,-1.04
2025-12-10,FOMC,long,tp,2.99
2025-12-18,CPI,long,tp,2.99
2026-01-13,CPI,long,tp,2.99
2026-01-15,PPI,long,stop,-1.04
2026-01-28,FOMC,long,stop,-1.04
2026-02-11,CPI,long,tp,2.99
2026-02-27,PPI,short,tp,2.99
2026-03-11,CPI,long,stop,-1.04
2026-03-13,PPI,long,stop,-1.04
2026-03-18,FOMC,long,stop,-1.04
2026-04-10,CPI,,nofill,0.0
2026-04-14,PPI,long,stop,-1.04
2026-04-29,FOMC,short,stop,-1.04
2026-05-12,CPI,long,tp,2.99
2026-05-15,PPI,short,stop,-1.04
2026-06-10,CPI,long,tp,2.99
