event_type,ts_utc,year,atr5,offset_x,filled,side,whipsaw,gap,outcome,r_mult,expansion_ratio,slip_ticks
FOMC,2021-06-16T18:00:00+00:00,2021,10.714285714285714,5.357142857142857,True,short,False,False,tp,0.9889763779527564,12.46,2.0
CPI,2021-07-13T12:30:00+00:00,2021,4.839285714285714,2.419642857142857,True,short,False,False,tp,0.9771241830065381,19.6309963099631,2.0
PPI,2021-07-14T12:30:00+00:00,2021,8.285714285714286,4.142857142857143,True,short,False,False,stop,-1.0701402805611264,6.0344827586206895,2.0
FOMC,2021-07-28T18:00:00+00:00,2021,15.946428571428571,7.973214285714286,True,short,False,False,tp,0.9924568965517236,5.957446808510638,2.0
CPI,2021-08-11T12:30:00+00:00,2021,5.035714285714286,2.517857142857143,True,long,False,False,tp,0.9779179810725532,17.425531914893618,2.0
PPI,2021-08-12T12:30:00+00:00,2021,4.910714285714286,2.455357142857143,True,long,False,False,stop,-1.1129032258064622,4.989090909090909,2.0
PPI,2021-09-10T12:30:00+00:00,2021,5.053571428571429,2.5267857142857144,True,long,False,False,stop,-1.1100628930817409,1.187279151943463,2.0
CPI,2021-09-14T12:30:00+00:00,2021,8.857142857142858,4.428571428571429,True,long,False,False,tp,0.9868173258003745,9.766129032258064,2.0
FOMC,2021-09-22T18:00:00+00:00,2021,12.821428571428571,6.410714285714286,True,long,False,False,stop,-1.0464807436919026,10.665738161559888,2.0
CPI,2021-10-13T12:30:00+00:00,2021,9.214285714285714,4.607142857142857,True,short,False,False,stop,-1.0635208711433723,9.82170542635659,2.0
PPI,2021-10-14T12:30:00+00:00,2021,9.160714285714286,4.580357142857143,True,long,False,False,tp,0.9872262773722621,3.6296296296296293,2.0
FOMC,2021-11-03T18:00:00+00:00,2021,7.857142857142857,3.9285714285714284,True,short,False,False,stop,-1.0736842105263293,12.40909090909091,2.0
PPI,2021-11-09T13:30:00+00:00,2021,6.696428571428571,3.3482142857142856,True,long,False,False,tp,0.9829268292682902,3.9573333333333336,2.0
CPI,2021-11-10T13:30:00+00:00,2021,10.964285714285714,5.482142857142857,True,short,False,False,tp,0.9892141756548541,5.700325732899024,2.0
CPI,2021-12-10T13:30:00+00:00,2021,10.071428571428571,5.035714285714286,True,long,True,False,whipsaw,-1.058430717863111,14.397163120567376,2.0
PPI,2021-12-14T13:30:00+00:00,2021,11.964285714285714,5.982142857142857,True,short,False,False,tp,0.990070921985816,7.73134328358209,2.0
FOMC,2021-12-15T19:00:00+00:00,2021,15.928571428571429,7.964285714285714,True,long,False,False,stop,-1.0377562028047442,14.847533632286995,2.0
CPI,2023-01-12T13:30:00+00:00,2023,7.642857142857143,3.8214285714285716,True,long,False,False,stop,-1.075593952483787,29.471962616822427,2.0
PPI,2023-01-18T13:30:00+00:00,2023,7.125,3.5625,True,short,False,False,stop,-1.0806451612903225,12.0,2.0
FOMC,2023-02-01T19:00:00+00:00,2023,12.464285714285714,6.232142857142857,True,long,False,False,stop,-1.047748976807638,10.59025787965616,2.0
CPI,2023-02-14T13:30:00+00:00,2023,10.571428571428571,5.285714285714286,True,long,False,False,tp,0.98883572567783,21.472972972972972,2.0
PPI,2023-02-16T13:30:00+00:00,2023,10.428571428571429,5.214285714285714,True,long,False,False,stop,-1.056542810985455,10.452054794520548,2.0
CPI,2023-03-14T12:30:00+00:00,2023,15.696428571428571,7.848214285714286,True,long,True,False,whipsaw,-1.0382932166301995,9.63594994311718,2.0
PPI,2023-03-15T12:30:00+00:00,2023,20.946428571428573,10.473214285714286,True,long,False,False,tp,0.9942052980132448,5.430520034100597,2.0
FOMC,2023-03-22T18:00:00+00:00,2023,11.339285714285714,5.669642857142857,True,long,False,False,stop,-1.052238805970147,11.640944881889764,2.0
CPI,2023-04-12T12:30:00+00:00,2023,8.178571428571429,4.089285714285714,True,short,False,False,tp,0.9858012170385412,23.231441048034934,2.0
PPI,2023-04-13T12:30:00+00:00,2023,8.857142857142858,4.428571428571429,True,long,True,False,whipsaw,-1.0659133709981277,8.241935483870968,2.0
FOMC,2023-05-03T18:00:00+00:00,2023,11.017857142857142,5.508928571428571,True,short,False,False,stop,-1.053680981595085,8.032414910858996,2.0
CPI,2023-05-10T12:30:00+00:00,2023,7.428571428571429,3.7142857142857144,True,long,False,False,stop,-1.0776053215077506,18.10576923076923,2.0
PPI,2023-05-11T12:30:00+00:00,2023,11.428571428571429,5.714285714285714,True,long,False,False,tp,0.9896296296296305,3.521875,2.0
CPI,2023-06-13T12:30:00+00:00,2023,9.857142857142858,4.928571428571429,True,long,False,False,tp,0.9880749574105604,12.478260869565217,2.0
PPI,2023-06-14T12:30:00+00:00,2023,7.25,3.625,True,short,False,False,stop,-1.0793650793650793,6.310344827586207,2.0
FOMC,2023-06-14T18:00:00+00:00,2023,15.321428571428571,7.660714285714286,True,short,False,False,tp,0.9921612541993275,10.442890442890443,2.0
CPI,2023-07-12T12:30:00+00:00,2023,6.071428571428571,3.0357142857142856,True,short,False,False,stop,-1.093333333333348,18.735294117647058,2.0
PPI,2023-07-13T12:30:00+00:00,2023,6.571428571428571,3.2857142857142856,True,short,False,False,stop,-1.0868486352357445,8.103260869565217,2.0
FOMC,2023-07-26T18:00:00+00:00,2023,11.267857142857142,5.633928571428571,True,long,True,False,whipsaw,-1.0525525525525457,6.434231378763867,2.0
CPI,2023-08-10T12:30:00+00:00,2023,9.928571428571429,4.964285714285714,True,long,False,False,stop,-1.059221658206424,11.431654676258992,2.0
PPI,2023-08-11T12:30:00+00:00,2023,11.142857142857142,5.571428571428571,True,long,False,False,stop,-1.0531107738998413,6.596153846153847,2.0
CPI,2023-09-13T12:30:00+00:00,2023,10.928571428571429,5.464285714285714,True,short,False,False,stop,-1.0540958268933491,10.88888888888889,2.0
PPI,2023-09-14T12:30:00+00:00,2023,11.303571428571429,5.651785714285714,True,short,False,False,tp,0.9895209580838332,4.799368088467615,2.0
FOMC,2023-09-20T18:00:00+00:00,2023,13.0,6.5,True,short,False,False,tp,0.9908256880733946,6.5576923076923075,2.0
PPI,2023-10-11T12:30:00+00:00,2023,10.017857142857142,5.008928571428571,True,short,False,False,tp,0.9882550335570487,4.9162210338680925,2.0
CPI,2023-10-12T12:30:00+00:00,2023,9.107142857142858,4.553571428571429,True,long,False,False,stop,-1.0642201834862488,9.113725490196078,2.0
FOMC,2023-11-01T18:00:00+00:00,2023,17.303571428571427,8.651785714285714,True,long,False,False,tp,0.9930278884462156,3.6986584107327145,2.0
CPI,2023-11-14T13:30:00+00:00,2023,7.178571428571429,3.5892857142857144,True,short,False,False,stop,-1.0800915331807674,36.21890547263681,2.0
PPI,2023-11-15T13:30:00+00:00,2023,9.25,4.625,True,long,False,False,tp,0.9873417721518988,11.891891891891891,2.0
CPI,2023-12-12T13:30:00+00:00,2023,8.160714285714286,4.080357142857143,True,long,True,False,whipsaw,-1.071138211382118,11.641137855579867,2.0
PPI,2023-12-13T13:30:00+00:00,2023,4.964285714285714,2.482142857142857,True,short,False,False,stop,-1.1118210862620432,3.5755395683453237,2.0
FOMC,2023-12-13T19:00:00+00:00,2023,8.285714285714286,4.142857142857143,True,short,False,False,stop,-1.0701402805610978,12.732758620689655,2.0
CPI,2024-01-11T13:30:00+00:00,2024,6.553571428571429,3.2767857142857144,True,long,False,False,tp,0.9825870646766194,25.138964577656676,2.0
PPI,2024-01-12T13:30:00+00:00,2024,14.285714285714286,7.142857142857143,True,long,False,False,tp,0.9916167664670676,5.04,2.0
FOMC,2024-01-31T19:00:00+00:00,2024,16.410714285714285,8.205357142857142,True,long,True,False,whipsaw,-1.036687631027247,5.545157780195866,2.0
CPI,2024-02-13T13:30:00+00:00,2024,9.982142857142858,4.991071428571429,True,short,False,False,stop,-1.0589225589225473,21.313059033989266,2.0
PPI,2024-02-16T13:30:00+00:00,2024,8.875,4.4375,True,short,False,False,tp,0.9868421052631579,8.929577464788732,2.0
CPI,2024-03-12T12:30:00+00:00,2024,9.089285714285714,4.544642857142857,True,short,False,False,tp,0.9871323529411723,19.50098231827112,2.0
PPI,2024-03-14T12:30:00+00:00,2024,8.428571428571429,4.214285714285714,True,long,False,False,stop,-1.0690335305719842,7.2076271186440675,2.0
FOMC,2024-03-20T18:00:00+00:00,2024,13.142857142857142,6.571428571428571,True,short,False,False,stop,-1.0453955901426788,10.0625,2.0
CPI,2024-04-10T12:30:00+00:00,2024,8.839285714285714,4.419642857142857,True,long,True,False,whipsaw,-1.0660377358490785,40.81212121212121,2.0
PPI,2024-04-11T12:30:00+00:00,2024,15.839285714285714,7.919642857142857,True,long,True,False,whipsaw,-1.0379609544468618,10.717023675310035,2.0
FOMC,2024-05-01T18:00:00+00:00,2024,18.696428571428573,9.348214285714286,True,long,False,False,tp,0.9935304990757853,3.78414517669532,2.0
PPI,2024-05-14T12:30:00+00:00,2024,6.553571428571429,3.2767857142857144,True,short,False,False,tp,0.9825870646766194,20.713896457765667,2.0
CPI,2024-05-15T12:30:00+00:00,2024,6.25,3.125,True,long,True,False,whipsaw,-1.0909090909090908,23.6,2.0
CPI,2024-06-12T12:30:00+00:00,2024,6.232142857142857,3.1160714285714284,True,long,False,False,tp,0.9817708333333388,28.842406876790832,2.0
FOMC,2024-06-12T18:00:00+00:00,2024,12.982142857142858,6.491071428571429,True,long,False,False,stop,-1.0459317585301766,6.37414030261348,2.0
PPI,2024-06-13T12:30:00+00:00,2024,10.232142857142858,5.116071428571429,True,long,True,False,whipsaw,-1.0575657894736732,8.209424083769633,2.0
CPI,2024-07-11T12:30:00+00:00,2024,5.321428571428571,2.6607142857142856,True,long,False,False,tp,0.9789789789789753,18.74496644295302,2.0
PPI,2024-07-12T12:30:00+00:00,2024,11.178571428571429,5.589285714285714,True,short,False,False,tp,0.9894099848714079,9.86261980830671,2.0
FOMC,2024-07-31T18:00:00+00:00,2024,30.678571428571427,15.339285714285714,True,long,True,False,whipsaw,-1.0199657729606382,2.7054714784633296,2.0
PPI,2024-08-13T12:30:00+00:00,2024,15.178571428571429,7.589285714285714,True,long,False,False,tp,0.9920903954802265,5.254117647058823,2.0
CPI,2024-08-14T12:30:00+00:00,2024,9.678571428571429,4.839285714285714,True,long,False,False,tp,0.9878682842287707,16.8929889298893,2.0
CPI,2024-09-11T12:30:00+00:00,2024,12.0,6.0,True,short,False,False,stop,-1.0495049504950495,11.5625,2.0
PPI,2024-09-12T12:30:00+00:00,2024,12.142857142857142,6.071428571428571,True,long,True,False,whipsaw,-1.048951048951057,6.670588235294118,2.0
FOMC,2024-09-18T18:00:00+00:00,2024,21.642857142857142,10.821428571428571,True,long,True,False,whipsaw,-1.0280673616680058,12.475247524752476,2.0
CPI,2024-10-10T12:30:00+00:00,2024,8.214285714285714,4.107142857142857,True,long,True,False,whipsaw,-1.0707070707070956,19.021739130434785,2.0
PPI,2024-10-11T12:30:00+00:00,2024,8.660714285714286,4.330357142857143,True,short,False,False,stop,-1.0673076923076696,6.350515463917525,2.0
FOMC,2024-11-07T19:00:00+00:00,2024,16.607142857142858,8.303571428571429,True,short,False,False,stop,-1.0362694300518092,2.7849462365591395,2.0
CPI,2024-11-13T13:30:00+00:00,2024,12.767857142857142,6.383928571428571,True,long,False,False,tp,0.9906666666666653,8.595804195804195,2.0
PPI,2024-11-14T13:30:00+00:00,2024,9.267857142857142,4.633928571428571,True,short,False,False,tp,0.9873646209386255,6.608863198458574,2.0
CPI,2024-12-11T13:30:00+00:00,2024,7.5,3.75,True,long,False,False,tp,0.9846153846153847,11.433333333333334,2.0
PPI,2024-12-12T13:30:00+00:00,2024,10.625,5.3125,True,long,True,False,whipsaw,-1.0555555555555556,8.094117647058823,2.0
FOMC,2024-12-18T19:00:00+00:00,2024,13.803571428571429,6.901785714285714,True,short,False,False,tp,0.991336633663367,14.579560155239328,2.0
PPI,2025-01-14T13:30:00+00:00,2025,19.732142857142858,9.866071428571429,True,long,False,False,tp,0.9938596491228077,9.160180995475113,2.0
CPI,2025-01-15T13:30:00+00:00,2025,13.392857142857142,6.696428571428571,True,short,False,False,stop,-1.0445859872611531,24.21066666666667,2.0
FOMC,2025-01-29T19:00:00+00:00,2025,41.357142857142854,20.678571428571427,True,short,False,False,tp,0.9970225435984689,1.9645941278065633,2.0
CPI,2025-02-12T13:30:00+00:00,2025,12.375,6.1875,True,short,False,False,stop,-1.0480769230769231,27.13131313131313,2.0
PPI,2025-02-13T13:30:00+00:00,2025,14.410714285714286,7.205357142857143,True,long,False,False,tp,0.9916864608076027,7.8760842627013625,2.0
CPI,2025-03-12T12:30:00+00:00,2025,18.339285714285715,9.169642857142858,True,short,False,False,stop,-1.0329566854990637,10.878286270691333,2.0
PPI,2025-03-13T12:30:00+00:00,2025,32.375,16.1875,True,long,False,False,tp,0.9962121212121212,2.864864864864865,2.0
FOMC,2025-03-19T18:00:00+00:00,2025,28.053571428571427,14.026785714285714,True,long,True,False,whipsaw,-1.021793275217932,5.747931253978358,2.0
CPI,2025-04-10T12:30:00+00:00,2025,42.232142857142854,21.116071428571427,True,long,False,False,tp,0.9970833333333334,5.5171247357293876,2.0
PPI,2025-04-11T12:30:00+00:00,2025,55.30357142857143,27.651785714285715,True,long,False,False,tp,0.9977650063856961,2.2105263157894735,2.0
FOMC,2025-05-07T18:00:00+00:00,2025,26.535714285714285,13.267857142857142,True,long,True,False,whipsaw,-1.023011176857328,6.82099596231494,2.0
CPI,2025-05-13T12:30:00+00:00,2025,14.035714285714286,7.017857142857143,True,long,False,False,tp,0.9914738124238751,8.478371501272264,2.0
PPI,2025-05-15T12:30:00+00:00,2025,14.339285714285714,7.169642857142857,True,long,False,False,stop,-1.0417661097852116,6.537982565379826,2.0
CPI,2025-06-11T12:30:00+00:00,2025,25.392857142857142,12.696428571428571,True,long,False,False,tp,0.995195607412491,6.3305203938115335,2.0
PPI,2025-06-12T12:30:00+00:00,2025,16.75,8.375,True,long,False,False,stop,-1.0359712230215827,8.0,2.0
FOMC,2025-06-18T18:00:00+00:00,2025,24.589285714285715,12.294642857142858,True,short,False,False,stop,-1.0247875354107678,4.636165577342048,2.0
CPI,2025-07-15T12:30:00+00:00,2025,10.553571428571429,5.276785714285714,True,long,False,False,tp,0.9888178913738029,5.069373942470389,2.0
PPI,2025-07-16T12:30:00+00:00,2025,9.392857142857142,4.696428571428571,True,long,False,False,tp,0.9875222816399261,6.0418250950570345,2.0
FOMC,2025-07-30T18:00:00+00:00,2025,10.785714285714286,5.392857142857143,True,short,False,False,stop,-1.054773082942082,4.519867549668874,2.0
CPI,2025-08-12T12:30:00+00:00,2025,12.892857142857142,6.446428571428571,True,short,False,False,stop,-1.0462351387054232,12.390581717451523,2.0
PPI,2025-08-14T12:30:00+00:00,2025,8.357142857142858,4.178571428571429,True,long,False,False,stop,-1.0695825049701628,20.760683760683758,2.0
PPI,2025-09-10T12:30:00+00:00,2025,10.035714285714286,5.017857142857143,True,long,True,False,whipsaw,-1.0586264656616244,11.733096085409251,2.0
CPI,2025-09-11T12:30:00+00:00,2025,8.267857142857142,4.133928571428571,True,long,False,False,tp,0.9859437751003983,16.691144708423327,2.0
FOMC,2025-09-17T18:00:00+00:00,2025,13.321428571428571,6.660714285714286,True,long,False,False,tp,0.9910371318822017,17.152815013404826,2.0
CPI,2025-10-24T12:30:00+00:00,2025,8.196428571428571,4.098214285714286,True,long,True,False,whipsaw,-1.0708502024291582,21.869281045751634,2.0
FOMC,2025-10-29T18:00:00+00:00,2025,15.875,7.9375,True,long,False,False,tp,0.9924242424242424,5.3700787401574805,2.0
PPI,2025-11-25T13:30:00+00:00,2025,30.410714285714285,15.205357142857142,True,long,False,False,stop,-1.020138089758341,2.844392248972402,2.0
FOMC,2025-12-10T19:00:00+00:00,2025,21.464285714285715,10.732142857142858,True,long,False,False,tp,0.9943411479385602,6.452579034941763,2.0
CPI,2025-12-18T13:30:00+00:00,2025,16.267857142857142,8.133928571428571,True,long,False,False,tp,0.9926004228329801,8.974753018660813,2.0
CPI,2026-01-13T13:30:00+00:00,2026,10.392857142857142,5.196428571428571,True,long,False,False,tp,0.9886547811993496,13.470790378006873,2.0
PPI,2026-01-15T13:30:00+00:00,2026,15.196428571428571,7.598214285714286,True,short,False,False,stop,-1.0395033860045173,2.7309048178613398,2.0
FOMC,2026-01-28T19:00:00+00:00,2026,18.767857142857142,9.383928571428571,True,long,True,False,whipsaw,-1.0322283609576461,4.235965746907707,2.0
CPI,2026-02-11T13:30:00+00:00,2026,17.75,8.875,True,short,False,False,stop,-1.034013605442177,7.267605633802817,2.0
PPI,2026-02-27T13:30:00+00:00,2026,24.803571428571427,12.401785714285714,True,long,False,False,stop,-1.0245786516853923,3.6083513318934486,2.0
CPI,2026-03-11T12:30:00+00:00,2026,29.0,14.5,True,long,False,False,tp,0.9957805907172996,4.887931034482759,2.0
PPI,2026-03-13T12:30:00+00:00,2026,20.035714285714285,10.017857142857142,True,long,False,False,stop,-1.0302506482281717,4.866310160427807,2.0
FOMC,2026-03-18T18:00:00+00:00,2026,26.25,13.125,True,long,False,False,stop,-1.0232558139534884,3.4285714285714284,2.0
CPI,2026-04-10T12:30:00+00:00,2026,12.642857142857142,6.321428571428571,True,long,False,False,tp,0.9905787348586795,6.327683615819209,2.0
PPI,2026-04-14T12:30:00+00:00,2026,14.875,7.4375,True,long,False,False,stop,-1.0403225806451613,3.8151260504201683,2.0
FOMC,2026-04-29T18:00:00+00:00,2026,23.267857142857142,11.633928571428571,True,long,True,False,whipsaw,-1.026158445440959,4.244052187260169,2.0
CPI,2026-05-12T12:30:00+00:00,2026,20.714285714285715,10.357142857142858,True,long,False,False,stop,-1.0292887029288746,5.587931034482758,2.0
PPI,2026-05-15T12:30:00+00:00,2026,35.589285714285715,17.794642857142858,True,short,False,False,tp,0.9965483234714001,1.5875564475664827,2.0
CPI,2026-06-10T12:30:00+00:00,2026,55.517857142857146,27.758928571428573,True,long,False,False,tp,0.9977735368956742,4.566098423930524,2.0
