year,side,r
2021,supply,-1.1086956521739044
2021,supply,-1.0641025641025625
2021,demand,2.362637362637327
2021,demand,-1.1249999999999858
2021,demand,-1.0892857142857157
2021,demand,-1.0675675675675667
2021,supply,-1.0581395348837215
2021,demand,2.9722222222222467
2021,supply,-1.0862068965517215
2021,supply,-1.031645569620253
2021,demand,-1.0595238095238089
2021,supply,2.9897959183673564
2021,demand,-1.1190476190476113
2021,supply,2.990196078431382
2021,supply,-1.1041666666666627
2021,supply,2.9827586206896712
2021,demand,2.9583333333333806
2021,demand,-1.0961538461538411
2021,demand,2.988372093023267
2021,demand,-1.0624999999999964
2021,supply,-1.1086956521739153
2021,supply,-1.080645161290319
2021,demand,-1.1315789473684148
2021,supply,-1.080645161290319
2021,supply,2.9893617021276695
2021,supply,2.9687500000000266
2021,supply,-1.1
2021,demand,-1.0390624999999996
2021,demand,2.973684210526341
2021,demand,-1.080645161290319
2021,demand,-1.1666666666666414
2021,demand,2.966666666666702
2021,supply,-1.0892857142857157
2021,demand,-1.227272727272699
2021,demand,-1.1666666666666667
2021,supply,2.964285714285749
2021,demand,-1.054347826086955
2021,demand,2.9807692307692495
2021,supply,2.9772727272727484
2021,demand,-1.052083333333334
2021,supply,-1.178571428571417
2021,supply,-1.1666666666666414
2021,demand,-1.0735294117647038
2021,demand,-1.0390624999999996
2021,supply,-1.1315789473684148
2021,demand,2.966666666666702
2021,demand,2.9927536231884124
2021,supply,-1.078124999999999
2021,demand,-1.0284090909090904
2021,supply,2.973684210526341
2021,demand,-1.092592592592591
2021,demand,2.9814814814814987
2021,demand,2.987179487179499
2021,demand,-1.0862068965517215
2021,supply,2.9852941176470726
2021,supply,-1.178571428571417
2021,demand,-1.147058823529408
2021,supply,-1.1562499999999867
2021,supply,-1.0625
2021,demand,-1.1666666666666667
2021,supply,2.9791666666666865
2021,supply,-1.125
2021,demand,-1.0781249999999933
2021,supply,2.989130434782619
2021,demand,-1.099999999999991
2021,supply,-1.1388888888888749
2021,demand,-1.0757575757575715
2021,supply,-1.208333333333286
2021,demand,2.978260869565239
2021,demand,-1.227272727272699
2021,supply,-1.0454545454545436
2021,supply,2.9705882352941453
2021,demand,-1.049019607843136
2021,demand,2.9807692307692495
2021,demand,-1.1562499999999867
2021,supply,2.964285714285749
2021,supply,-1.0892857142857084
2021,supply,2.9772727272727484
2021,supply,-1.0657894736842113
2021,demand,2.9940476190476244
2021,demand,-1.147058823529408
2021,demand,-1.1086956521739153
2021,demand,-1.1666666666666414
2021,supply,-1.1190476190476113
2021,supply,-1.0694444444444418
2021,demand,-1.054347826086955
2021,demand,-1.1923076923076654
2021,supply,-1.1136363636363613
2021,demand,-1.1136363636363613
2021,supply,-1.1562499999999867
2021,demand,-1.1136363636363613
2021,supply,-1.1136363636363613
2021,supply,-1.0862068965517215
2021,demand,-1.125
2021,supply,-1.357142857142834
2021,demand,-1.1315789473684148
2021,supply,2.973684210526341
2021,supply,2.9705882352941453
2021,demand,-1.0757575757575715
2021,supply,2.973684210526341
2021,demand,-1.1562500000000089
2021,demand,-1.1136363636363495
2021,supply,-1.1315789473684148
2021,supply,-1.1190476190476113
2021,demand,-1.099999999999991
2021,demand,-1.049019607843136
2021,demand,-1.1
2021,demand,-1.1666666666666414
2021,demand,-1.1666666666666414
2021,demand,-1.1666666666666414
2021,demand,-1.1190476190476113
2021,supply,-1.0735294117647038
2021,demand,-1.0833333333333333
2021,supply,2.937500000000071
2021,supply,-1.1388888888888749
2021,supply,-1.1249999999999858
2021,supply,-1.1666666666666414
2021,demand,-1.1086956521739044
2021,demand,-1.0735294117647038
2021,supply,-1.0675675675675667
2021,supply,-1.416666666666572
2021,demand,2.9814814814814987
2021,supply,-1.099999999999991
2021,demand,-1.0531914893617016
2021,supply,-1.178571428571417
2021,supply,-1.078124999999999
2021,supply,-1.312499999999929
2021,demand,-1.192307692307699
2021,demand,-1.1315789473684148
2021,demand,-1.0657894736842113
2021,supply,2.9705882352941493
2021,supply,-1.0961538461538411
2021,supply,-1.0735294117647038
2021,supply,-1.1
2021,demand,-1.0396825396825384
2021,supply,-1.0625
2021,supply,-1.1315789473684148
2021,supply,2.9928571428571495
2021,demand,-1.192307692307699
2021,supply,-1.147058823529408
2021,supply,2.964285714285749
2021,supply,-1.1666666666666414
2021,supply,-1.2272727272727462
2021,demand,2.978260869565237
2021,demand,-1.1136363636363613
2021,supply,2.958333333333373
2021,demand,-1.624999999999858
2021,supply,-1.053191489361699
2021,demand,-1.312499999999929
2021,demand,2.9722222222222503
2021,supply,-1.1190476190476113
2021,demand,2.964285714285749
2021,supply,-1.125
2021,demand,-1.0409836065573776
2021,demand,-1.0641025641025625
2021,supply,-1.1249999999999858
2021,demand,2.986486486486499
2021,supply,-1.1388888888888749
2021,demand,-1.2083333333333255
2021,supply,-1.227272727272699
2021,demand,2.9750000000000227
2022,supply,2.978260869565239
2022,supply,-1.25
2022,supply,-1.1388888888888749
2022,supply,2.9852941176470726
2022,demand,-1.1041666666666627
2022,demand,-1.0609756097560956
2022,demand,-1.178571428571417
2022,supply,-1.0694444444444418
2022,supply,-1.178571428571417
2022,supply,2.9761904761904994
2022,supply,-1.1315789473684148
2022,demand,2.9705882352941453
2022,supply,-1.1388888888888924
2022,supply,-1.047169811320753
2022,supply,-1.357142857142718
2022,demand,2.9827586206896712
2022,supply,-1.0892857142857084
2022,supply,-1.0396825396825384
2022,demand,-1.1086956521739044
2022,demand,-1.0757575757575715
2022,supply,2.989130434782619
2022,supply,-1.0510204081632644
2022,demand,-1.0480769230769227
2022,supply,2.997109826589598
2022,demand,-1.0462962962962956
2022,supply,-1.078124999999999
2022,supply,-1.1
2022,demand,2.9929577464788797
2022,supply,2.9886363636363744
2022,demand,-1.034722222222222
2022,supply,-1.0624999999999964
2022,demand,-1.1086956521739153
2022,supply,2.9880952380952492
2022,supply,-1.1086956521739044
2022,demand,-1.0735294117647038
2022,supply,-1.227272727272699
2022,supply,2.9848484848484995
2022,demand,-1.054347826086955
2022,demand,-1.0862068965517215
2022,demand,-1.1388888888888749
2022,demand,-1.125
2022,demand,-1.1315789473684148
2022,supply,-1.1249999999999858
2022,demand,-1.0568181818181805
2022,demand,-1.0961538461538411
2022,demand,-1.227272727272699
2022,supply,2.961538461538502
2022,supply,2.9814814814814987
2022,supply,-1.1041666666666627
2022,demand,-1.1086956521739044
2022,supply,2.9852941176470726
2022,demand,-1.1388888888888749
2022,demand,-1.02906976744186
2022,supply,-1.060975609756099
2022,demand,-1.1190476190476242
2022,supply,-1.092592592592591
2022,supply,-1.1136363636363613
2022,demand,-1.0438596491228067
2022,supply,-1.1388888888888749
2022,supply,-1.0833333333333333
2022,demand,-1.0833333333333333
2022,demand,2.983870967741951
2022,demand,-1.0694444444444418
2022,demand,-1.0735294117647038
2022,supply,-1.125
2022,supply,2.9915254237288216
2022,supply,-1.227272727272699
2022,demand,-1.0423728813559316
2022,supply,-1.1190476190476113
2022,demand,-1.092592592592591
2022,supply,2.9705882352941453
2022,supply,-1.1666666666666414
2022,demand,-1.0510204081632644
2022,demand,-1.1136363636363495
2022,demand,2.9444444444445006
2022,demand,-1.1041666666666627
2022,demand,-1.1136363636363495
2022,demand,-1.1136363636363495
2022,supply,-1.0625
2022,supply,-1.0892857142857157
2022,demand,-1.208333333333286
2022,supply,2.958333333333373
2022,demand,-1.2272727272727462
2022,demand,-1.1249999999999858
2022,demand,-1.1470588235293881
2022,supply,-1.1315789473684148
2022,supply,-1.0675675675675667
2022,demand,-1.1923076923076654
2022,supply,-1.1315789473684148
2022,supply,-1.1136363636363495
2022,demand,-1.083333333333327
2022,demand,-1.147058823529408
2022,demand,-1.2499999999999432
2022,demand,-1.1190476190476242
2022,demand,-1.2083333333333255
2022,supply,-1.0462962962962956
2022,demand,2.958333333333373
2022,demand,-1.1315789473684148
2022,supply,-1.178571428571417
2022,demand,-1.0581395348837215
2022,supply,2.9772727272727506
2022,supply,2.961538461538495
2022,supply,2.9807692307692477
2022,demand,2.9888888888888996
2022,supply,-1.1086956521739044
2022,demand,-1.015527950310559
2022,demand,-1.0714285714285714
2022,demand,-1.0657894736842073
2022,supply,-1.2777777777777497
2022,demand,-1.1666666666666667
2022,supply,2.9750000000000227
2022,demand,-1.1136363636363613
2022,supply,-1.125
2022,supply,2.9868421052631704
2022,supply,-1.1086956521739153
2022,supply,-1.0657894736842113
2022,supply,-1.080645161290319
2022,supply,2.9807692307692495
2022,supply,-1.0862068965517215
2022,supply,-1.0735294117647038
2022,demand,2.993150684931513
2022,demand,-1.1562499999999867
2022,supply,-1.1086956521739044
2022,demand,-1.227272727272699
2022,supply,2.9807692307692495
2022,demand,-1.147058823529408
2022,demand,-1.1315789473684148
2022,supply,-1.1315789473684148
2022,supply,-1.1
2022,demand,-1.125
2022,demand,-1.099999999999991
2022,supply,-1.0862068965517215
2022,supply,-1.078124999999999
2022,supply,-1.054347826086955
2022,demand,2.961538461538502
2022,supply,-1.2083333333333255
2022,demand,-1.192307692307699
2022,supply,-1.1
2022,demand,-1.147058823529408
2022,supply,2.964285714285749
2022,demand,-1.1086956521739044
2022,demand,-1.624999999999858
2022,demand,-1.416666666666572
2022,supply,-1.0454545454545436
2022,demand,-1.1388888888888924
2022,supply,-1.1562499999999867
2022,supply,-1.2083333333333255
2022,demand,-1.0735294117647038
2022,supply,-1.1136363636363613
2022,supply,-1.0925925925925832
2022,demand,-1.1562499999999867
2022,supply,-1.1190476190476113
2022,demand,-1.083333333333327
2022,demand,-1.1041666666666627
2022,demand,-1.2083333333333255
2022,demand,-1.227272727272699
2022,supply,-1.125
2022,supply,2.961538461538495
2022,demand,-1.1923076923076654
2023,supply,2.9868421052631695
2023,supply,-1.0238095238095233
2023,demand,-1.1041666666666627
2023,demand,2.9827586206896712
2023,supply,-1.080645161290325
2023,supply,-1.1190476190476242
2023,supply,-1.0714285714285714
2023,demand,2.9722222222222467
2023,supply,2.958333333333373
2023,demand,-1.0925925925925832
2023,demand,2.9687500000000266
2023,demand,-1.2499999999999432
2023,supply,-1.1190476190476242
2023,demand,1.2241379310344287
2023,demand,-1.0862068965517215
2023,demand,-1.125
2023,supply,-1.078124999999999
2023,demand,-1.147058823529408
2023,demand,-1.043859649122805
2023,supply,-1.1315789473684148
2023,supply,-1.357142857142834
2023,demand,-1.357142857142834
2023,demand,-1.0714285714285714
2023,supply,-1.1315789473684148
2023,demand,-1.0657894736842073
2023,supply,2.9807692307692495
2023,supply,2.982142857142873
2023,demand,-1.178571428571417
2023,supply,-1.1086956521739153
2023,supply,-1.0735294117647038
2023,supply,-1.1666666666666414
2023,demand,2.961538461538495
2023,demand,2.964285714285749
2023,demand,-1.1923076923076654
2023,demand,-1.0568181818181805
2023,supply,-1.0510204081632644
2023,supply,-1.0961538461538496
2023,demand,2.9875000000000114
2023,demand,2.966666666666697
2023,supply,2.9761904761904967
2023,supply,-1.049019607843136
2023,demand,2.9923076923076994
2023,demand,-1.0499999999999978
2023,demand,2.987804878048792
2023,demand,-1.1562499999999867
2023,demand,-1.178571428571417
2023,demand,-1.2083333333333255
2023,supply,-1.0595238095238058
2023,demand,-1.1041666666666627
2023,demand,-1.1136363636363613
2023,demand,-1.1562499999999867
2023,demand,-1.2083333333333255
2023,supply,-1.078124999999999
2023,demand,-1.0324675324675323
2023,supply,-1.25
2023,supply,-1.1190476190476113
2023,demand,-1.0657894736842073
2023,demand,2.973684210526341
2023,demand,-1.0961538461538411
2023,supply,2.964285714285749
2023,supply,2.9814814814814987
2023,demand,2.989130434782619
2023,demand,2.973684210526341
2023,supply,-1.147058823529408
2023,demand,2.9545454545455017
2023,supply,2.987804878048792
2023,supply,-1.1249999999999858
2023,demand,-1.0833333333333333
2023,supply,-1.1315789473684148
2023,supply,-1.0694444444444462
2023,demand,2.9772727272727484
2023,demand,-1.227272727272699
2023,demand,-1.1041666666666627
2023,supply,-1.227272727272699
2023,supply,-1.178571428571417
2023,supply,2.937500000000071
2023,demand,-1.1470588235293881
2023,demand,-1.192307692307699
2023,supply,-1.147058823529408
2023,demand,2.9791666666666865
2023,supply,-1.147058823529408
2023,supply,-1.0833333333333333
2023,demand,-1.1388888888888924
2023,supply,-1.1315789473684148
2023,demand,-1.0609756097560956
2023,supply,2.978260869565237
2023,demand,-1.099999999999991
2023,supply,2.9545454545455017
2023,supply,-1.178571428571417
2023,demand,-1.1136363636363613
2023,demand,-1.1136363636363613
2023,supply,-1.1923076923076654
2023,demand,-1.1190476190476242
2023,supply,2.966666666666702
2023,demand,-1.080645161290319
2023,supply,2.9807692307692477
2023,supply,-1.0714285714285667
2023,supply,-1.1249999999999858
2023,supply,-1.1562499999999867
2023,supply,-1.25
2023,demand,-1.178571428571417
2023,demand,-1.1388888888888749
2023,supply,-1.1562499999999867
2023,demand,-1.1190476190476113
2023,demand,2.9500000000000455
2023,demand,-1.1562499999999867
2023,supply,-1.0757575757575715
2023,demand,-1.0352112676056342
2023,supply,-1.1041666666666627
2023,demand,2.964285714285749
2023,supply,-1.1136363636363613
2023,demand,2.968750000000031
2023,demand,-1.147058823529408
2023,demand,-1.227272727272699
2023,demand,2.9750000000000254
2023,supply,-1.0961538461538411
2023,demand,2.966666666666697
2023,demand,-1.1666666666666667
2023,demand,-1.227272727272699
2023,demand,-1.0757575757575715
2023,supply,-1.1086956521739153
2023,demand,-1.1190476190476113
2023,supply,2.9750000000000254
2023,supply,2.966666666666702
2023,supply,-1.0735294117647038
2023,demand,2.9750000000000227
2023,demand,2.958333333333373
2023,demand,2.9807692307692495
2023,supply,-1.1190476190476113
2023,supply,-1.0961538461538411
2023,supply,-1.178571428571417
2023,demand,-1.2499999999999432
2023,demand,-1.1190476190476113
2023,demand,-1.1086956521739153
2023,supply,-1.1
2023,supply,0.8813559322033839
2023,demand,2.9375000000000533
2023,demand,-1.099999999999991
2023,demand,2.961538461538495
2023,demand,-1.227272727272699
2023,supply,-1.2083333333333255
2023,demand,-1.1470588235293881
2023,supply,2.973684210526341
2023,demand,-1.25
2023,supply,-1.2083333333333255
2023,demand,-1.1086956521739153
2023,demand,-1.1249999999999858
2023,supply,-1.2083333333333255
2023,demand,2.9954954954954998
2023,supply,2.9705882352941453
2023,demand,2.9444444444445006
2023,supply,-1.1388888888888749
2023,supply,-1.0862068965517215
2023,supply,-1.078124999999999
2023,supply,-1.078124999999999
2023,supply,2.973684210526341
2023,demand,-1.0714285714285714
2023,supply,-1.0555555555555556
2023,supply,-1.1315789473684148
2023,demand,2.984375000000014
2023,demand,-1.078124999999999
2023,demand,-1.192307692307699
2023,supply,-1.1315789473684148
2023,demand,-1.125
2023,supply,-1.1136363636363613
2023,supply,2.9642857142855865
2023,demand,-1.1923076923076654
2023,demand,2.9722222222221206
2023,supply,-1.0480769230769205
2023,demand,-1.2499999999999432
2023,supply,-1.1923076923076654
2023,demand,-1.1190476190476113
2023,demand,-1.192307692307699
2023,demand,-1.0735294117647038
2023,demand,-1.037313432835822
2023,supply,-1.1190476190476242
2024,supply,-1.0925925925925988
2024,demand,2.979999999999927
2024,supply,2.9901960784313375
2024,demand,2.9761904761903883
2024,supply,-1.1666666666666414
2024,demand,2.9814814814814987
2024,supply,-1.1666666666666667
2024,demand,-1.1190476190476113
2024,demand,2.9772727272727484
2024,demand,-1.0714285714285714
2024,demand,2.9761904761904967
2024,supply,-1.080645161290319
2024,supply,-1.1190476190476113
2024,supply,-1.1190476190476113
2024,demand,-1.1086956521739044
2024,demand,2.9722222222222503
2024,demand,-1.178571428571417
2024,demand,-1.1041666666666627
2024,demand,-1.1041666666666627
2024,demand,-1.1190476190476242
2024,supply,-1.0862068965517215
2024,demand,2.97826086956514
2024,demand,-1.0781249999999933
2024,demand,-1.1041666666666627
2024,supply,-1.0240384615384612
2024,supply,-1.1923076923076654
2024,supply,2.9827586206896712
2024,supply,-1.178571428571417
2024,supply,-1.1315789473684148
2024,demand,-1.080645161290319
2024,supply,2.958333333333373
2024,supply,-1.0396825396825384
2024,supply,-1.1315789473684148
2024,demand,2.9444444444445006
2024,demand,2.9375000000000533
2024,supply,-1.25
2024,demand,-1.2777777777777497
2024,demand,2.961538461538495
2024,supply,-1.2083333333333255
2024,supply,-1.1666666666666667
2024,demand,2.98979591836731
2024,demand,-1.178571428571417
2024,demand,-1.1136363636363495
2024,demand,-1.108695652173926
2024,supply,-1.1666666666666667
2024,supply,-1.125
2024,demand,2.9666666666665455
2024,demand,2.988095238095194
2024,supply,-1.0833333333333206
2024,demand,2.9761904761903883
2024,supply,2.9772727272726476
2024,supply,-1.0892857142857084
2024,demand,2.9807692307691633
2024,demand,-1.0657894736842153
2024,supply,-1.0390624999999996
2024,supply,-1.060975609756099
2024,demand,2.9928571428571167
2024,demand,-1.0595238095238122
2024,demand,-1.0862068965517215
2024,supply,2.9838709677418787
2024,demand,2.990384615384581
2024,demand,-1.053191489361699
2024,supply,-1.0925925925925832
2024,demand,-1.0657894736842153
2024,demand,2.9929577464788477
2024,supply,-1.0714285714285714
2024,supply,2.981481481481416
2024,supply,-1.080645161290325
2024,demand,2.9791666666665915
2024,demand,-1.1190476190475984
2024,demand,2.990740740740707
2024,supply,-1.0520833333333313
2024,supply,-1.053191489361699
2024,demand,2.9912280701754073
2024,supply,2.9935897435897205
2024,demand,-1.1666666666666667
2024,demand,-1.0625
2024,supply,-1.1
2024,demand,-1.13888888888891
2024,supply,2.9940476190475973
2024,supply,-1.2272727272727462
2024,supply,2.9852941176470056
2024,demand,2.989999999999964
2024,supply,2.9736842105262213
2024,supply,-1.0543478260869523
2024,demand,2.9886363636363225
2024,supply,-1.113636363636373
2024,supply,-1.0555555555555556
2024,supply,-1.0862068965517215
2024,demand,-1.0714285714285714
2024,demand,2.9791666666665915
2024,supply,-1.1190476190475984
2024,supply,-1.0555555555555556
2024,demand,-1.0735294117647038
2024,demand,-1.062499999999993
2024,supply,-1.208333333333286
2024,demand,2.9878048780487374
2024,supply,2.9821428571427933
2024,demand,-1.1923076923076654
2024,supply,2.986111111111062
2024,demand,-1.0714285714285714
2024,supply,-1.0694444444444462
2024,demand,2.9615384615383133
2024,supply,-1.0833333333333333
2024,demand,-1.0409836065573776
2024,demand,-1.0396825396825413
2024,demand,-1.0568181818181805
2024,demand,2.986111111111062
2024,demand,2.9761904761903937
2024,demand,2.9736842105262213
2024,supply,2.991935483870938
2024,demand,-1.0446428571428543
2024,demand,-1.0735294117647038
2024,demand,-1.0581395348837184
2024,demand,2.985714285714234
2024,supply,-1.0510204081632644
2024,supply,-1.0396825396825384
2024,demand,-1.0925925925925988
2024,demand,-1.0735294117647038
2024,supply,-1.1
2024,supply,-1.0694444444444462
2024,demand,-1.0446428571428579
2024,supply,-1.0892857142857084
2024,supply,2.9852941176470056
2024,supply,2.9666666666665455
2024,supply,-1.0735294117647038
2024,supply,-1.1190476190475984
2024,supply,-1.0735294117647038
2024,supply,2.974999999999915
2024,supply,-1.0225225225225218
2024,supply,-1.0961538461538496
2024,demand,2.988372093023214
2024,demand,-1.0657894736842153
2024,demand,-1.0555555555555556
2024,supply,-1.1470588235294275
2024,supply,2.9852941176470056
2024,supply,2.9843749999999423
2024,supply,-1.1136363636363495
2024,demand,-1.0757575757575715
2024,supply,-1.0862068965517215
2024,supply,-1.080645161290325
2024,supply,-1.0757575757575715
2024,demand,-1.1086956521739044
2024,demand,-1.1470588235293881
2024,demand,-1.1315789473684148
2024,demand,-1.0657894736842153
2024,supply,-1.0543478260869577
2024,demand,-1.0520833333333313
2024,supply,-1.0240384615384612
2024,supply,2.974999999999909
2024,supply,-1.031645569620253
2024,demand,-1.0757575757575821
2024,supply,-1.0480769230769247
2024,demand,-1.1
2024,supply,-1.624999999999858
2024,supply,2.9868421052631104
2024,supply,-1.0657894736842073
2024,demand,-1.0675675675675627
2024,demand,-1.0490196078431382
2024,demand,-1.1923076923077327
2024,demand,-1.0781249999999933
2025,supply,-1.25
2025,demand,-1.1666666666666667
2025,demand,2.979999999999927
2025,demand,-1.0142857142857142
2025,demand,-1.0862068965517215
2025,demand,-1.0999999999999819
2025,supply,-1.0961538461538496
2025,supply,-1.1
2025,demand,2.992647058823503
2025,demand,-1.1
2025,supply,-1.0490196078431382
2025,demand,2.9687499999998934
2025,demand,2.9935897435897205
2025,demand,2.9833333333332726
2025,supply,-1.1190476190475984
2025,demand,2.9736842105262213
2025,demand,-1.0520833333333313
2025,supply,-1.0454545454545454
2025,demand,0.7315436241610754
2025,supply,2.974999999999909
2025,supply,2.9880952380951955
2025,supply,-1.03125
2025,supply,-1.053191489361699
2025,demand,-1.0555555555555556
2025,demand,-1.0462962962962956
2025,demand,-1.0446428571428579
2025,supply,-1.0657894736842073
2025,supply,-1.047169811320753
2025,demand,-1.1315789473684148
2025,supply,-1.05
2025,demand,2.9833333333332726
2025,supply,2.9888888888888494
2025,demand,2.9888888888888485
2025,supply,-1.0961538461538496
2025,demand,-1.0520833333333364
2025,demand,2.9843749999999423
2025,supply,-1.0675675675675709
2025,supply,2.9838709677418787
2025,supply,2.991071428571396
2025,demand,2.991666666666637
2025,supply,-1.0396825396825384
2025,demand,-1.0147058823529411
2025,supply,-1.0240384615384612
2025,supply,2.98611111111106
2025,supply,2.99519230769229
2025,demand,2.994623655913959
2025,supply,-1.0462962962962956
2025,supply,2.9918032786884954
2025,supply,2.992857142857117
2025,supply,-1.0347222222222232
2025,supply,-1.0480769230769247
2025,supply,-1.0454545454545454
2025,demand,-1.071428571428562
2025,supply,-1.0320512820512813
2025,demand,-1.0625
2025,supply,-1.0378787878787885
2025,supply,-1.0581395348837184
2025,supply,-1.0378787878787858
2025,supply,2.990384615384581
2025,supply,-1.0304878048780477
2025,demand,2.987179487179441
2025,supply,-1.0735294117647038
2025,supply,2.99358974358972
2025,demand,-1.0694444444444462
2025,supply,2.983333333333275
2025,demand,-1.0384615384615357
2025,supply,2.9857142857142356
2025,demand,-1.0384615384615385
2025,supply,-1.0714285714285714
2025,supply,-1.0520833333333364
2025,supply,-1.0675675675675709
2025,supply,-1.043859649122805
2025,demand,-1.0510204081632644
2025,demand,2.979999999999927
2025,demand,-0.05633802816902581
2025,demand,2.9843749999999445
2025,demand,2.986842105263109
2025,supply,-1.062499999999993
2025,supply,-1.0480769230769205
2025,demand,-1.0416666666666634
2025,supply,-1.0581395348837184
2025,supply,2.9952830188679074
2025,demand,2.9868421052631104
2025,demand,-1.0625
2025,demand,-1.0694444444444375
2025,supply,-1.0294117647058807
2025,demand,-1.1
2025,supply,-1.0390624999999996
2025,demand,2.9868421052631104
2025,supply,2.9833333333332726
2025,supply,-1.0781249999999933
2025,supply,-1.113636363636373
2025,supply,-1.1315789473684148
2025,demand,-1.0595238095238058
2025,demand,-1.034722222222221
2025,demand,-1.0757575757575821
2025,demand,-1.1041666666666627
2025,supply,-1.0833333333333333
2025,demand,2.9642857142855865
2025,supply,-1.0595238095238058
2025,supply,-1.0581395348837246
2025,demand,-1.0595238095238122
2025,demand,-1.0480769230769205
2025,demand,-1.05
2025,supply,2.987804878048736
2025,supply,2.985714285714234
2025,supply,2.9888888888888494
2025,supply,-1.0595238095238058
2025,demand,-1.0641025641025625
2025,demand,2.9772727272726476
2025,demand,-1.0781249999999933
2025,demand,-1.0862068965517215
2025,demand,2.99038461538458
2025,supply,-1.0352112676056342
2025,demand,-1.0595238095238058
2025,demand,-1.0324675324675332
2025,demand,-1.0735294117647038
2025,supply,2.991935483870938
2025,supply,-1.0595238095238122
2025,demand,-1.0657894736842073
2025,supply,-1.034246575342465
2025,supply,-1.034722222222221
2025,demand,2.9927536231883796
2025,demand,-1.0403225806451624
2025,demand,-1.0833333333333333
2025,demand,-1.0384615384615357
2025,supply,-1.0520833333333313
2025,supply,-1.0490196078431382
2025,supply,2.992647058823503
2025,demand,-1.0280898876404492
2025,supply,-1.0833333333333333
2025,demand,-1.026595744680851
2025,demand,-1.0324675324675332
2025,supply,-1.0367647058823568
2025,demand,-1.0294117647058822
2025,supply,-1.0164473684210529
2025,demand,2.9943820224718896
2025,demand,-1.015432098765432
2025,supply,-1.0277777777777777
2025,demand,-1.0595238095238058
2025,demand,-1.0543478260869523
2025,supply,-1.0229357798165146
2025,demand,-1.0806451612903367
2025,demand,-1.032051282051285
2025,demand,-1.0390625000000022
2025,demand,-1.0446428571428543
2025,demand,2.9928571428571167
2025,supply,-1.0490196078431382
2025,supply,-1.0396825396825442
2025,demand,2.995495495495479
2025,demand,-1.0416666666666667
2025,demand,2.994736842105244
2025,supply,-1.0675675675675875
2025,demand,2.979999999999927
2025,supply,-1.0277777777777777
2025,demand,-1.0257731958762892
2026,demand,2.995535714285698
2026,demand,2.9955752212389215
2026,demand,2.9918032786884954
2026,demand,-1.034246575342465
2026,demand,-1.0384615384615439
2026,demand,2.995575221238922
2026,supply,2.997340425531905
2026,demand,2.996453900709207
2026,supply,-1.0135869565217395
2026,supply,-1.0263157894736867
2026,supply,-1.0500000000000091
2026,demand,2.992957746478848
2026,demand,2.9941860465116066
2026,supply,-1.0284090909090933
2026,supply,-1.0462962962962994
2026,demand,-1.047169811320753
2026,demand,-1.012562814070352
2026,demand,-1.0077399380804954
2026,supply,-1.0170068027210886
2026,demand,-1.0056179775280898
2026,supply,2.997950819672124
2026,supply,-1.0347222222222274
2026,demand,-1.013297872340426
2026,demand,-1.0328947368421075
2026,demand,-1.0164473684210529
2026,supply,-1.0208333333333333
2026,supply,-1.0143678160919543
2026,supply,2.993333333333309
2026,demand,-1.0170068027210897
2026,supply,-1.0396825396825442
2026,supply,2.99519230769229
2026,supply,-1.0757575757575926
2026,supply,-1.0312500000000036
2026,demand,2.993333333333309
2026,supply,-1.0185185185185197
2026,demand,2.996688741721842
2026,demand,2.9924242424242142
2026,demand,-1.0367647058823568
2026,demand,-1.0187969924812028
2026,supply,-1.037878787878791
2026,demand,2.997422680412362
2026,supply,-1.0271739130434814
2026,supply,-1.0675675675675709
2026,supply,-1.0520833333333413
2026,demand,-0.3248730964467312
