entry_ts,exit_ts,side,pnl_usd,engine_type,r_mfe,r_mae,mfe_pts,mae_pts,displacement_ts,fvg_zone_pts
2024-01-02T14:49:00+00:00,2024-01-02T16:49:00+00:00,short,-317.960000,orb,0.0484,1.1774,0.7500,18.2500,,
2024-01-03T14:59:00+00:00,2024-01-03T15:04:00+00:00,short,-368.880000,orb,0.3478,1.4783,2.0000,8.5000,,
2024-01-04T15:04:00+00:00,2024-01-04T19:49:00+00:00,long,-332.960000,orb,0.7538,1.0,12.2500,16.2500,,
2024-01-05T15:04:00+00:00,2024-01-05T17:34:00+00:00,long,-268.980000,orb,0.2547,1.0283,6.7500,27.2500,,
2024-01-08T14:59:00+00:00,2024-01-08T18:49:00+00:00,long,212.2700000,orb,2.614,0.2982,37.2500,4.2500,,
2024-01-09T14:49:00+00:00,2024-01-09T15:04:00+00:00,short,-383.880000,orb,0.125,1.2083,0.7500,7.2500,,
2024-01-10T17:59:00+00:00,2024-01-10T19:54:00+00:00,long,186.0200000,orb,1.66,0.48,20.7500,6.0000,,
2024-01-11T14:49:00+00:00,2024-01-11T16:14:00+00:00,short,143.6350000,orb,2.0779,0.1039,40.0000,2.0000,,
2024-01-12T14:59:00+00:00,2024-01-12T21:09:00+00:00,short,202.550000,orb,1.3276,0.2586,19.2500,3.7500,,
2024-01-15T15:59:00+00:00,2024-01-15T17:04:00+00:00,long,-401.280000,orb,0.0,1.0,0,3.2500,,
2024-01-16T14:49:00+00:00,2024-01-16T15:24:00+00:00,short,-362.960000,orb,0.2254,1.3239,4.0000,23.5000,,
2024-01-17T15:14:00+00:00,2024-01-17T17:44:00+00:00,long,-346.430000,orb,0.6842,1.0789,6.5000,10.2500,,
2024-01-18T14:54:00+00:00,2024-01-18T15:39:00+00:00,short,-363.930000,orb,0.075,1.375,0.7500,13.7500,,
2024-01-19T15:44:00+00:00,2024-01-19T17:34:00+00:00,long,182.2700000,orb,2.5102,0.3673,30.7500,4.5000,,
2024-01-22T14:54:00+00:00,2024-01-22T15:34:00+00:00,long,-328.700000,orb,0.0196,1.2549,0.2500,16.0000,,
2024-01-23T15:34:00+00:00,2024-01-23T19:49:00+00:00,short,-337.680000,orb,0.5946,1.0811,5.5000,10.0000,,
2024-01-24T14:49:00+00:00,2024-01-24T15:39:00+00:00,short,-345.920000,orb,0.7576,1.1818,6.2500,9.7500,,
2024-01-25T15:09:00+00:00,2024-01-25T17:09:00+00:00,long,-355.180000,orb,0.5897,1.1795,5.7500,11.5000,,
2024-01-26T14:54:00+00:00,2024-01-26T15:34:00+00:00,short,-365.920000,orb,0.4,1.2857,3.5000,11.2500,,
2024-01-29T15:19:00+00:00,2024-01-29T15:29:00+00:00,long,-335.920000,orb,0.0,1.125,0,9.0000,,
2024-01-30T14:54:00+00:00,2024-01-30T15:04:00+00:00,long,-344.160000,orb,0.069,1.1724,0.5000,8.5000,,
2024-01-31T14:54:00+00:00,2024-01-31T19:04:00+00:00,short,189.7700000,orb,1.6863,0.1373,21.5000,1.7500,,
2024-02-01T15:09:00+00:00,2024-02-01T15:54:00+00:00,long,-353.700000,orb,0.2182,1.0909,3.0000,15.0000,,
2024-02-02T14:49:00+00:00,2024-02-02T15:44:00+00:00,long,245.2800000,orb,2.5909,0.5227,28.5000,5.7500,,
2024-02-05T15:04:00+00:00,2024-02-05T19:34:00+00:00,short,-297.960000,orb,1.4138,1.1379,20.5000,16.5000,,
2024-02-06T14:59:00+00:00,2024-02-06T21:04:00+00:00,short,-349.440000,orb,0.8667,1.0222,9.7500,11.5000,,
2024-02-07T15:14:00+00:00,2024-02-07T21:09:00+00:00,long,233.800000,orb,1.2407,0.1296,16.7500,1.7500,,
2024-02-08T16:29:00+00:00,2024-02-08T18:39:00+00:00,short,-355.180000,orb,0.1026,1.0,1.0000,9.7500,,
2024-02-09T14:59:00+00:00,2024-02-09T19:24:00+00:00,long,234.0300000,orb,2.0476,0.381,21.5000,4.0000,,
2024-02-12T15:14:00+00:00,2024-02-12T15:34:00+00:00,short,-383.040000,orb,0.3077,1.4615,1.0000,4.7500,,
2024-02-13T14:59:00+00:00,2024-02-13T15:39:00+00:00,short,-287.960000,orb,0.4286,1.0,6.0000,14.0000,,
2024-02-14T15:19:00+00:00,2024-02-14T16:04:00+00:00,long,-332.960000,orb,0.3538,1.4,5.7500,22.7500,,
2024-02-15T15:09:00+00:00,2024-02-15T16:04:00+00:00,long,-328.930000,orb,0.4722,1.1111,4.2500,10.0000,,
2024-02-16T14:54:00+00:00,2024-02-16T16:24:00+00:00,short,-231.480000,orb,0.4176,1.0549,9.5000,24.0000,,
2024-02-19T14:49:00+00:00,2024-02-19T15:19:00+00:00,long,-364.800000,orb,0.0,1.1538,0,3.7500,,
2024-02-20T15:04:00+00:00,2024-02-20T21:09:00+00:00,short,-2.220000,orb,0.9176,0.4588,19.5000,9.7500,,
2024-02-21T15:04:00+00:00,2024-02-21T15:34:00+00:00,long,-304.440000,orb,0.0,1.0,0,9.7500,,
2024-02-22T14:49:00+00:00,2024-02-22T19:14:00+00:00,long,145.5100000,orb,1.8333,0.2692,35.7500,5.2500,,
2024-02-23T15:44:00+00:00,2024-02-23T21:09:00+00:00,short,296.300000,orb,1.4,0.24,17.5000,3.0000,,
2024-02-26T14:49:00+00:00,2024-02-26T16:09:00+00:00,short,230.6750000,orb,2.64,0.72,16.5000,4.5000,,
2024-02-27T17:24:00+00:00,2024-02-27T19:59:00+00:00,short,-282.960000,orb,0.4364,1.0,6.0000,13.7500,,
2024-02-28T15:34:00+00:00,2024-02-28T21:09:00+00:00,long,-236.940000,orb,0.9231,0.8205,9.0000,8.0000,,
2024-02-29T15:14:00+00:00,2024-02-29T20:49:00+00:00,short,-290.970000,orb,0.8553,1.1053,16.2500,21.0000,,
2024-03-01T15:09:00+00:00,2024-03-01T16:09:00+00:00,long,239.6550000,orb,2.6512,0.0698,28.5000,0.7500,,
2024-03-04T15:34:00+00:00,2024-03-04T19:39:00+00:00,long,249.4250000,orb,2.2963,0.7778,15.5000,5.2500,,
2024-03-05T15:04:00+00:00,2024-03-05T15:09:00+00:00,long,-319.440000,orb,0.0,1.2927,0,13.2500,,
2024-03-06T15:04:00+00:00,2024-03-06T16:04:00+00:00,short,-309.720000,orb,0.1975,1.1605,4.0000,23.5000,,
2024-03-07T15:14:00+00:00,2024-03-07T18:39:00+00:00,long,222.7800000,orb,2.175,0.1,21.7500,1.0000,,
2024-03-08T14:49:00+00:00,2024-03-08T16:19:00+00:00,long,-317.220000,orb,0.4217,1.0,8.7500,20.7500,,
2024-03-11T13:54:00+00:00,2024-03-11T15:59:00+00:00,short,-303.700000,orb,1.0426,1.0,12.2500,11.7500,,
2024-03-12T13:49:00+00:00,2024-03-12T14:09:00+00:00,short,-258.980000,orb,0.0196,1.0686,0.5000,27.2500,,
2024-03-13T13:54:00+00:00,2024-03-13T17:09:00+00:00,short,-311.940000,orb,0.425,1.225,4.2500,12.2500,,
2024-03-14T13:49:00+00:00,2024-03-14T20:09:00+00:00,short,1.020000,orb,1.4205,0.3068,31.2500,6.7500,,
2024-03-15T14:04:00+00:00,2024-03-15T14:49:00+00:00,short,-283.470000,orb,0.3649,1.2027,6.7500,22.2500,,
2024-03-18T13:59:00+00:00,2024-03-18T14:14:00+00:00,short,-319.440000,orb,0.0244,1.1463,0.2500,11.7500,,
2024-03-19T14:44:00+00:00,2024-03-19T16:24:00+00:00,long,171.0200000,orb,2.5,0.1522,28.7500,1.7500,,
2024-03-20T14:24:00+00:00,2024-03-20T17:19:00+00:00,long,-337.680000,orb,0.3243,1.0,3.0000,9.2500,,
2024-03-21T13:49:00+00:00,2024-03-21T14:24:00+00:00,short,-322.450000,orb,0.0,1.0,0,12.5000,,
2024-03-22T13:49:00+00:00,2024-03-22T17:54:00+00:00,short,-311.940000,orb,0.55,1.1,5.5000,11.0000,,
2024-03-25T14:14:00+00:00,2024-03-25T20:09:00+00:00,long,-244.440000,orb,0.3659,0.9024,3.7500,9.2500,,
2024-03-26T17:44:00+00:00,2024-03-26T19:34:00+00:00,short,214.5400000,orb,3.0345,0.5517,22.0000,4.0000,,
2024-03-27T13:54:00+00:00,2024-03-27T14:14:00+00:00,short,237.0400000,orb,1.875,0.2188,15.0000,1.7500,,
2024-03-28T13:49:00+00:00,2024-03-28T17:39:00+00:00,long,-344.900000,orb,0.6923,1.0385,4.5000,6.7500,,
2024-04-01T14:04:00+00:00,2024-04-01T15:19:00+00:00,short,171.0200000,orb,2.0,0.6957,23.0000,8.0000,,
2024-04-02T14:14:00+00:00,2024-04-02T19:09:00+00:00,short,-283.470000,orb,0.0405,1.1216,0.7500,20.7500,,
2024-04-03T14:04:00+00:00,2024-04-03T20:09:00+00:00,long,-21.480000,orb,0.4255,0.9574,10.0000,22.5000,,
2024-04-04T13:54:00+00:00,2024-04-04T16:09:00+00:00,short,-289.440000,orb,0.5135,1.1892,4.7500,11.0000,,
2024-04-05T13:54:00+00:00,2024-04-05T15:59:00+00:00,long,169.8850000,orb,1.8791,0.6264,42.7500,14.2500,,
2024-04-08T14:29:00+00:00,2024-04-08T16:14:00+00:00,long,-317.960000,orb,0.4194,1.0,6.5000,15.5000,,
2024-04-09T13:49:00+00:00,2024-04-09T14:34:00+00:00,short,124.8850000,orb,2.8358,0.1045,47.5000,1.7500,,
2024-04-10T14:09:00+00:00,2024-04-10T17:04:00+00:00,long,-264.720000,orb,0.9855,1.1449,17.0000,19.7500,,
2024-04-11T14:04:00+00:00,2024-04-11T17:04:00+00:00,short,-328.470000,orb,0.7907,1.2442,17.0000,26.7500,,
2024-04-12T13:59:00+00:00,2024-04-12T14:09:00+00:00,long,-267.960000,orb,0.0,1.2885,0,16.7500,,
2024-04-15T14:09:00+00:00,2024-04-15T16:39:00+00:00,short,168.0100000,orb,2.9556,0.1889,66.5000,4.2500,,
2024-04-16T13:49:00+00:00,2024-04-16T14:19:00+00:00,short,-283.470000,orb,0.0,1.0405,0,19.2500,,
2024-04-17T14:04:00+00:00,2024-04-17T15:34:00+00:00,short,136.1350000,orb,2.7534,0.3425,50.2500,6.2500,,
2024-04-18T14:34:00+00:00,2024-04-18T17:19:00+00:00,long,-278.980000,orb,0.6091,1.2,16.7500,33.0000,,
2024-04-19T14:19:00+00:00,2024-04-19T16:19:00+00:00,short,139.8850000,orb,1.7333,0.5467,32.5000,10.2500,,
2024-04-22T14:29:00+00:00,2024-04-22T16:19:00+00:00,short,-253.470000,orb,0.6061,1.2879,10.0000,21.2500,,
2024-04-23T13:49:00+00:00,2024-04-23T16:19:00+00:00,long,124.8850000,orb,1.9104,0.3881,32.0000,6.5000,,
2024-04-24T14:39:00+00:00,2024-04-24T16:34:00+00:00,short,121.1350000,orb,1.5692,0.1077,25.5000,1.7500,,
2024-04-25T13:54:00+00:00,2024-04-25T14:19:00+00:00,short,-334.440000,orb,0.7442,1.3023,8.0000,14.0000,,
2024-04-26T13:54:00+00:00,2024-04-26T20:09:00+00:00,long,28.520000,orb,0.8152,0.163,18.7500,3.7500,,
2024-04-29T18:39:00+00:00,2024-04-29T20:09:00+00:00,short,-182.220000,orb,0.9859,0.8592,17.5000,15.2500,,
2024-04-30T15:04:00+00:00,2024-04-30T16:34:00+00:00,short,212.2700000,orb,2.6667,0.1228,38.0000,1.7500,,
2024-05-01T13:54:00+00:00,2024-05-01T18:04:00+00:00,short,-297.450000,orb,0.7174,1.3043,8.2500,15.0000,,
2024-05-02T13:49:00+00:00,2024-05-02T18:14:00+00:00,short,-308.980000,orb,0.7131,1.0082,21.7500,30.7500,,
2024-05-03T13:54:00+00:00,2024-05-03T14:09:00+00:00,long,-320.970000,orb,0.3929,1.0357,8.2500,21.7500,,
2024-05-06T13:49:00+00:00,2024-05-06T18:29:00+00:00,long,222.7800000,orb,2.35,0.6,23.5000,6.0000,,
2024-05-07T13:59:00+00:00,2024-05-07T14:54:00+00:00,short,-305.920000,orb,0.3103,1.1379,2.2500,8.2500,,
2024-05-08T13:49:00+00:00,2024-05-08T20:09:00+00:00,long,177.550000,orb,1.2391,0.2391,14.2500,2.7500,,
2024-05-09T14:04:00+00:00,2024-05-09T18:49:00+00:00,long,186.0200000,orb,2.04,0.34,25.5000,4.2500,,
2024-05-10T14:19:00+00:00,2024-05-10T20:09:00+00:00,short,108.800000,orb,1.2941,0.1373,16.5000,1.7500,,
2024-05-13T15:04:00+00:00,2024-05-13T20:09:00+00:00,short,92.040000,orb,0.8889,0.2381,14.0000,3.7500,,
2024-05-14T14:09:00+00:00,2024-05-14T14:39:00+00:00,long,-311.940000,orb,0.525,1.25,5.2500,12.5000,,
2024-05-15T13:54:00+00:00,2024-05-15T14:34:00+00:00,short,-297.960000,orb,0.0517,1.069,0.7500,15.5000,,
2024-05-16T14:14:00+00:00,2024-05-16T14:59:00+00:00,long,220.5600000,orb,2.35,0.2,11.7500,1.0000,,
2024-05-17T14:34:00+00:00,2024-05-17T15:04:00+00:00,long,-335.920000,orb,0.0,1.1562,0,9.2500,,
2024-05-20T13:49:00+00:00,2024-05-20T18:09:00+00:00,long,-319.440000,orb,1.0732,1.3171,11.0000,13.5000,,
2024-05-21T14:04:00+00:00,2024-05-21T19:19:00+00:00,long,222.0400000,orb,2.3,0.3,17.2500,2.2500,,
2024-05-22T13:54:00+00:00,2024-05-22T15:54:00+00:00,long,-338.880000,orb,0.4286,1.9524,2.2500,10.2500,,
2024-05-23T13:49:00+00:00,2024-05-23T17:44:00+00:00,short,154.8850000,orb,2.5542,0.241,53.0000,5.0000,,
2024-05-24T13:54:00+00:00,2024-05-24T14:04:00+00:00,short,-297.450000,orb,0.0,1.2391,0,14.2500,,
2024-05-27T14:09:00+00:00,2024-05-27T14:54:00+00:00,short,-338.140000,orb,0.1304,1.087,0.7500,6.2500,,
2024-05-28T13:49:00+00:00,2024-05-28T18:34:00+00:00,short,217.1550000,orb,2.5128,0.8205,24.5000,8.0000,,
2024-05-29T13:54:00+00:00,2024-05-29T20:09:00+00:00,long,-328.930000,orb,1.0833,1.0278,9.7500,9.2500,,
2024-05-30T14:14:00+00:00,2024-05-30T17:04:00+00:00,short,-277.960000,orb,0.5556,1.0556,7.5000,14.2500,,
2024-05-31T13:54:00+00:00,2024-05-31T14:34:00+00:00,short,126.7600000,orb,2.5882,0.1765,44.0000,3.0000,,
2024-06-03T13:54:00+00:00,2024-06-03T14:49:00+00:00,short,239.6550000,orb,2.5349,0.9535,27.2500,10.2500,,
2024-06-04T14:04:00+00:00,2024-06-04T14:14:00+00:00,long,-328.700000,orb,0.0,1.0196,0,13.0000,,
2024-06-05T14:04:00+00:00,2024-06-05T14:34:00+00:00,short,-304.440000,orb,0.8974,1.1795,8.7500,11.5000,,
2024-06-06T13:59:00+00:00,2024-06-06T18:14:00+00:00,short,239.6550000,orb,1.5814,0.814,17.0000,8.7500,,
2024-06-07T13:49:00+00:00,2024-06-07T14:44:00+00:00,long,204.7700000,orb,2.2182,0.2,30.5000,2.7500,,
2024-06-10T14:09:00+00:00,2024-06-10T15:59:00+00:00,long,211.5300000,orb,2.5789,0.4737,24.5000,4.5000,,
2024-06-11T13:49:00+00:00,2024-06-11T14:44:00+00:00,short,-309.720000,orb,0.037,1.1481,0.7500,23.2500,,
2024-06-12T13:49:00+00:00,2024-06-12T18:04:00+00:00,long,-253.470000,orb,0.6515,1.2576,10.7500,20.7500,,
2024-06-13T13:54:00+00:00,2024-06-13T14:24:00+00:00,short,205.9050000,orb,2.8378,0.1351,26.2500,1.2500,,
2024-06-14T14:04:00+00:00,2024-06-14T15:24:00+00:00,short,-341.940000,orb,0.5909,1.0682,6.5000,11.7500,,
2024-06-17T13:49:00+00:00,2024-06-17T14:09:00+00:00,short,-332.910000,orb,0.0,1.3214,0,9.2500,,
2024-06-18T15:04:00+00:00,2024-06-18T17:39:00+00:00,short,-272.960000,orb,0.0943,1.1132,1.2500,14.7500,,
2024-06-19T13:49:00+00:00,2024-06-19T14:39:00+00:00,short,216.1200000,orb,1.5,0.4,3.7500,1.0000,,
2024-06-20T13:49:00+00:00,2024-06-20T14:14:00+00:00,long,-309.950000,orb,0.0,1.4167,0,17.0000,,
2024-06-21T13:54:00+00:00,2024-06-21T14:59:00+00:00,short,-322.960000,orb,0.0,1.0317,0,16.2500,,
2024-06-24T13:54:00+00:00,2024-06-24T17:34:00+00:00,long,-249.720000,orb,1.0,1.1077,16.2500,18.0000,,
2024-06-25T13:59:00+00:00,2024-06-25T14:14:00+00:00,short,-289.440000,orb,0.1081,1.1081,1.0000,10.2500,,
2024-06-26T13:49:00+00:00,2024-06-26T15:14:00+00:00,long,-320.180000,orb,0.8571,1.2286,7.5000,10.7500,,
2024-06-27T14:14:00+00:00,2024-06-27T15:29:00+00:00,long,-312.960000,orb,0.0656,1.3443,1.0000,20.5000,,
2024-06-28T13:49:00+00:00,2024-06-28T14:14:00+00:00,long,204.7700000,orb,1.6909,0.3091,23.2500,4.2500,,
2024-07-01T13:49:00+00:00,2024-07-01T19:59:00+00:00,short,-312.960000,orb,1.2623,1.0328,19.2500,15.7500,,
2024-07-02T14:54:00+00:00,2024-07-02T20:09:00+00:00,long,243.520000,orb,1.4222,0.3333,32.0000,7.5000,,
2024-07-03T13:59:00+00:00,2024-07-03T16:54:00+00:00,long,228.4050000,orb,2.2195,0.7317,22.7500,7.5000,,
2024-07-04T13:49:00+00:00,2024-07-05T05:49:00+00:00,short,-338.880000,orb,0.9048,1.0952,4.7500,5.7500,,
2024-07-05T13:59:00+00:00,2024-07-05T14:09:00+00:00,long,-319.440000,orb,0.2195,1.2439,2.2500,12.7500,,
2024-07-08T14:39:00+00:00,2024-07-08T20:09:00+00:00,short,-83.930000,orb,1.4118,0.3235,12.0000,2.7500,,
2024-07-09T14:29:00+00:00,2024-07-09T14:44:00+00:00,short,-310.410000,orb,0.3846,1.0385,2.5000,6.7500,,
2024-07-10T14:04:00+00:00,2024-07-10T15:04:00+00:00,long,-302.680000,orb,0.1515,1.0606,1.2500,8.7500,,
2024-07-11T13:59:00+00:00,2024-07-11T14:14:00+00:00,long,-285.180000,orb,0.4194,1.3871,3.2500,10.7500,,
2024-07-12T13:49:00+00:00,2024-07-12T14:14:00+00:00,long,152.2700000,orb,2.7805,0.2195,28.5000,2.2500,,
2024-07-15T14:34:00+00:00,2024-07-15T17:04:00+00:00,long,-257.960000,orb,1.44,1.4,18.0000,17.5000,,
2024-07-16T14:04:00+00:00,2024-07-16T14:44:00+00:00,short,-291.200000,orb,0.3556,1.0,4.0000,11.2500,,
2024-07-17T13:54:00+00:00,2024-07-17T14:09:00+00:00,long,-242.220000,orb,0.0794,1.4921,1.2500,23.5000,,
2024-07-18T13:54:00+00:00,2024-07-18T13:59:00+00:00,short,-278.700000,orb,0.0,1.0233,0,11.0000,,
2024-07-19T14:29:00+00:00,2024-07-19T20:09:00+00:00,short,128.010000,orb,1.0661,0.314,32.2500,9.5000,,
2024-07-22T13:49:00+00:00,2024-07-22T14:04:00+00:00,long,-208.980000,orb,0.0122,1.1829,0.2500,24.2500,,
2024-07-23T13:49:00+00:00,2024-07-23T16:59:00+00:00,long,-253.470000,orb,0.5758,1.0152,9.5000,16.7500,,
2024-07-24T13:49:00+00:00,2024-07-24T14:14:00+00:00,short,219.7700000,orb,2.661,0.0678,39.2500,1.0000,,
2024-07-25T13:59:00+00:00,2024-07-25T14:49:00+00:00,short,-268.470000,orb,1.3714,1.0857,24.0000,19.0000,,
2024-07-26T14:04:00+00:00,2024-07-26T16:14:00+00:00,long,134.2600000,orb,2.2222,0.9167,40.0000,16.5000,,
2024-07-29T13:59:00+00:00,2024-07-29T14:34:00+00:00,long,-294.720000,orb,0.2078,1.1558,4.0000,22.2500,,
2024-07-30T14:04:00+00:00,2024-07-30T15:04:00+00:00,short,153.0100000,orb,2.5122,0.4512,51.5000,9.2500,,
2024-07-31T14:09:00+00:00,2024-07-31T18:49:00+00:00,long,158.6350000,orb,1.8,0.5059,38.2500,10.7500,,
2024-08-01T14:09:00+00:00,2024-08-01T14:49:00+00:00,short,196.1350000,orb,2.581,0.2857,67.7500,7.5000,,
2024-08-02T14:04:00+00:00,2024-08-02T20:09:00+00:00,short,66.760000,orb,1.685,0.0315,53.5000,1.0000,,
2024-08-05T13:49:00+00:00,2024-08-05T20:09:00+00:00,long,149.260000,orb,0.9668,0.369,65.5000,25.0000,,
2024-08-06T13:54:00+00:00,2024-08-06T20:09:00+00:00,long,8.010000,orb,2.1447,0.1513,81.5000,5.7500,,
2024-08-07T13:54:00+00:00,2024-08-07T15:44:00+00:00,long,-228.980000,orb,0.5889,1.0,13.2500,22.5000,,
2024-08-08T13:49:00+00:00,2024-08-08T13:54:00+00:00,short,-211.480000,orb,0.2289,1.0723,4.7500,22.2500,,
2024-08-09T13:49:00+00:00,2024-08-09T14:14:00+00:00,short,-253.980000,orb,0.04,1.28,1.0000,32.0000,,
2024-08-12T13:49:00+00:00,2024-08-12T14:24:00+00:00,short,-155.740000,orb,0.1626,1.0081,5.0000,31.0000,,
2024-08-13T13:49:00+00:00,2024-08-13T14:34:00+00:00,long,-268.470000,orb,0.2143,1.0143,3.7500,17.7500,,
2024-08-14T14:14:00+00:00,2024-08-14T15:34:00+00:00,short,-211.480000,orb,0.506,1.3614,10.5000,28.2500,,
2024-08-15T14:29:00+00:00,2024-08-15T16:24:00+00:00,long,111.7600000,orb,1.9833,0.05,29.7500,0.7500,,
2024-08-16T14:04:00+00:00,2024-08-16T20:09:00+00:00,long,215.280000,orb,1.2647,0.7647,21.5000,13.0000,,
2024-08-19T14:19:00+00:00,2024-08-19T14:29:00+00:00,short,-307.960000,orb,0.0333,1.0,0.5000,15.0000,,
2024-08-20T13:49:00+00:00,2024-08-20T14:14:00+00:00,long,-278.700000,orb,0.6512,1.0698,7.0000,11.5000,,
2024-08-21T13:59:00+00:00,2024-08-21T14:14:00+00:00,long,-304.440000,orb,0.5385,1.1538,5.2500,11.2500,,
2024-08-22T13:49:00+00:00,2024-08-22T14:14:00+00:00,short,152.2700000,orb,2.561,0.8049,26.2500,8.2500,,
2024-08-23T13:59:00+00:00,2024-08-23T14:04:00+00:00,long,211.5300000,orb,2.5789,0.0,24.5000,0,,
2024-08-26T13:54:00+00:00,2024-08-26T14:34:00+00:00,short,167.2700000,orb,2.6222,0.3778,29.5000,4.2500,,
2024-08-27T13:54:00+00:00,2024-08-27T20:09:00+00:00,long,226.530000,orb,1.1268,0.2958,20.0000,5.2500,,
2024-08-28T14:44:00+00:00,2024-08-28T15:19:00+00:00,short,216.0200000,orb,2.6552,0.0862,38.5000,1.2500,,
2024-08-29T13:59:00+00:00,2024-08-29T16:14:00+00:00,long,227.2700000,orb,1.6557,0.6885,25.2500,10.5000,,
2024-08-30T14:04:00+00:00,2024-08-30T14:59:00+00:00,long,-307.960000,orb,0.1167,1.4167,1.7500,21.2500,,
2024-09-02T14:14:00+00:00,2024-09-02T14:39:00+00:00,short,-315.920000,orb,0.1667,1.5,1.2500,11.2500,,
2024-09-03T13:54:00+00:00,2024-09-03T16:49:00+00:00,short,181.1350000,orb,2.5052,0.3505,60.7500,8.5000,,
2024-09-04T13:59:00+00:00,2024-09-04T14:04:00+00:00,long,-251.480000,orb,0.0101,1.0,0.2500,24.7500,,
2024-09-05T14:04:00+00:00,2024-09-05T14:54:00+00:00,long,-246.480000,orb,0.299,1.0825,7.2500,26.2500,,
2024-09-06T13:54:00+00:00,2024-09-06T15:54:00+00:00,short,405.5100000,orb,2.5,0.2,81.2500,6.5000,,
2024-09-09T13:59:00+00:00,2024-09-09T14:34:00+00:00,long,-309.950000,orb,0.8958,1.1875,10.7500,14.2500,,
2024-09-10T14:14:00+00:00,2024-09-10T19:29:00+00:00,short,-278.980000,orb,0.9182,1.0455,25.2500,28.7500,,
2024-09-11T13:49:00+00:00,2024-09-11T17:09:00+00:00,short,-173.240000,orb,1.6058,1.0511,55.0000,36.0000,,
2024-09-12T13:49:00+00:00,2024-09-12T14:14:00+00:00,short,-216.480000,orb,0.2235,1.1059,4.7500,23.5000,,
2024-09-13T13:49:00+00:00,2024-09-13T20:09:00+00:00,long,95.280000,orb,1.1324,0.7206,19.2500,12.2500,,
2024-09-16T13:54:00+00:00,2024-09-16T14:34:00+00:00,long,-298.470000,orb,0.0641,1.4744,1.2500,28.7500,,
2024-09-17T13:54:00+00:00,2024-09-17T14:09:00+00:00,short,-272.960000,orb,0.0,1.4151,0,18.7500,,
2024-09-18T14:19:00+00:00,2024-09-18T17:34:00+00:00,short,-302.960000,orb,0.8136,1.1186,12.0000,16.5000,,
2024-09-19T13:54:00+00:00,2024-09-19T14:29:00+00:00,short,-248.980000,orb,0.0,1.1224,0,27.5000,,
2024-09-20T13:49:00+00:00,2024-09-20T15:04:00+00:00,short,211.5300000,orb,2.5263,0.5789,24.0000,5.5000,,
2024-09-23T14:19:00+00:00,2024-09-23T16:14:00+00:00,long,-284.950000,orb,0.6364,1.0,7.0000,11.0000,,
2024-09-24T13:54:00+00:00,2024-09-24T14:04:00+00:00,short,156.0200000,orb,1.881,0.1667,19.7500,1.7500,,
2024-09-25T14:49:00+00:00,2024-09-25T17:04:00+00:00,short,163.5200000,orb,1.7045,0.6136,18.7500,6.7500,,
2024-09-26T14:09:00+00:00,2024-09-26T17:19:00+00:00,short,132.3850000,orb,1.7465,0.2817,31.0000,5.0000,,
2024-09-27T14:24:00+00:00,2024-09-27T15:34:00+00:00,long,-266.200000,orb,0.4634,1.0,4.7500,10.2500,,
2024-09-30T15:04:00+00:00,2024-09-30T18:14:00+00:00,long,-257.960000,orb,0.48,1.02,6.0000,12.7500,,
2024-10-01T13:49:00+00:00,2024-10-01T20:09:00+00:00,short,18.010000,orb,0.7529,0.4138,32.7500,18.0000,,
2024-10-02T14:14:00+00:00,2024-10-02T20:09:00+00:00,long,126.020000,orb,0.7593,0.2222,20.5000,6.0000,,
2024-10-03T14:04:00+00:00,2024-10-03T14:24:00+00:00,long,-233.980000,orb,0.25,1.0978,5.7500,25.2500,,
2024-10-04T13:54:00+00:00,2024-10-04T14:14:00+00:00,short,117.3850000,orb,2.0317,0.1587,32.0000,2.5000,,
2024-10-07T14:19:00+00:00,2024-10-07T15:04:00+00:00,long,-278.700000,orb,0.0465,1.1163,0.5000,12.0000,,
2024-10-08T13:59:00+00:00,2024-10-08T18:39:00+00:00,long,189.7700000,orb,2.3529,0.2941,30.0000,3.7500,,
2024-10-09T14:14:00+00:00,2024-10-09T15:24:00+00:00,long,189.7700000,orb,2.6078,0.2353,33.2500,3.0000,,
2024-10-10T13:49:00+00:00,2024-10-10T13:59:00+00:00,short,-277.960000,orb,0.037,1.2222,0.5000,16.5000,,
2024-10-11T13:54:00+00:00,2024-10-11T14:19:00+00:00,long,204.7700000,orb,2.2545,0.2182,31.0000,3.0000,,
2024-10-14T13:49:00+00:00,2024-10-14T20:09:00+00:00,long,131.020000,orb,1.0568,0.2955,23.2500,6.5000,,
2024-10-15T13:59:00+00:00,2024-10-15T14:34:00+00:00,short,199.5400000,orb,3.0741,0.6667,20.7500,4.5000,,
2024-10-16T14:09:00+00:00,2024-10-16T18:24:00+00:00,long,212.2700000,orb,1.7368,0.6667,24.7500,9.5000,,
2024-10-17T14:09:00+00:00,2024-10-17T20:09:00+00:00,short,31.020000,orb,0.3008,0.6341,9.2500,19.5000,,
2024-10-18T15:29:00+00:00,2024-10-18T20:09:00+00:00,long,46.530000,orb,0.6912,0.3529,11.7500,6.0000,,
2024-10-21T13:49:00+00:00,2024-10-21T14:34:00+00:00,long,-324.390000,orb,0.9545,1.8182,5.2500,10.0000,,
2024-10-22T14:09:00+00:00,2024-10-22T17:44:00+00:00,long,182.2700000,orb,2.4082,0.5102,29.5000,6.2500,,
2024-10-23T14:04:00+00:00,2024-10-23T15:14:00+00:00,short,205.9050000,orb,2.7027,0.973,25.0000,9.0000,,
2024-10-24T13:49:00+00:00,2024-10-24T16:14:00+00:00,short,193.5200000,orb,1.6923,0.9231,22.0000,12.0000,,
2024-10-25T13:49:00+00:00,2024-10-25T17:14:00+00:00,long,-302.960000,orb,1.0678,1.3051,15.7500,19.2500,,
2024-10-28T13:59:00+00:00,2024-10-28T20:09:00+00:00,short,171.300000,orb,0.8667,0.9333,9.7500,10.5000,,
2024-10-29T14:04:00+00:00,2024-10-29T20:09:00+00:00,long,327.780000,orb,1.2195,0.1463,25.0000,3.0000,,
2024-10-30T13:59:00+00:00,2024-10-30T20:04:00+00:00,long,-258.980000,orb,0.6078,1.2157,15.5000,31.0000,,
2024-10-31T13:49:00+00:00,2024-10-31T18:04:00+00:00,short,173.6350000,orb,2.1183,0.3978,49.2500,9.2500,,
2024-11-01T13:49:00+00:00,2024-11-01T19:54:00+00:00,long,-231.480000,orb,1.1099,1.1429,25.2500,26.0000,,
2024-11-04T15:19:00+00:00,2024-11-04T16:44:00+00:00,long,-248.980000,orb,0.3367,1.0612,8.2500,26.0000,,
2024-11-05T14:49:00+00:00,2024-11-05T17:49:00+00:00,long,175.5100000,orb,1.9362,0.0957,45.5000,2.2500,,
2024-11-06T14:49:00+00:00,2024-11-06T17:49:00+00:00,short,-298.980000,orb,0.3644,1.0678,10.7500,31.5000,,
2024-11-07T14:59:00+00:00,2024-11-07T17:34:00+00:00,long,217.1550000,orb,1.641,0.2051,16.0000,2.0000,,
2024-11-08T14:49:00+00:00,2024-11-08T16:24:00+00:00,long,222.0400000,orb,2.8,0.5333,21.0000,4.0000,,
2024-11-11T14:49:00+00:00,2024-11-11T18:04:00+00:00,short,194.6550000,orb,2.6,0.8286,22.7500,7.2500,,
2024-11-12T15:04:00+00:00,2024-11-12T16:49:00+00:00,short,174.7700000,orb,3.0426,0.4043,35.7500,4.7500,,
2024-11-13T14:49:00+00:00,2024-11-13T15:09:00+00:00,short,217.1550000,orb,1.8462,0.5641,18.0000,5.5000,,
2024-11-14T15:19:00+00:00,2024-11-14T21:09:00+00:00,short,246.020000,orb,1.009,0.6847,28.0000,19.0000,,
2024-11-15T14:59:00+00:00,2024-11-15T15:39:00+00:00,short,231.0200000,orb,2.6452,0.0645,41.0000,1.0000,,
2024-11-18T15:04:00+00:00,2024-11-18T16:24:00+00:00,long,212.2700000,orb,1.9123,0.2632,27.2500,3.7500,,
2024-11-19T15:29:00+00:00,2024-11-19T16:39:00+00:00,long,136.1350000,orb,2.5479,0.2055,46.5000,3.7500,,
2024-11-20T14:59:00+00:00,2024-11-20T20:54:00+00:00,short,-318.980000,orb,0.9048,1.0873,28.5000,34.2500,,
2024-11-21T15:29:00+00:00,2024-11-21T17:44:00+00:00,short,-299.490000,orb,0.042,1.063,2.5000,63.2500,,
2024-11-22T14:59:00+00:00,2024-11-22T15:29:00+00:00,long,-246.480000,orb,0.0206,1.1856,0.5000,28.7500,,
2024-11-25T15:09:00+00:00,2024-11-25T17:44:00+00:00,short,160.5100000,orb,1.6628,0.2442,35.7500,5.2500,,
2024-11-26T15:19:00+00:00,2024-11-26T16:04:00+00:00,short,-328.700000,orb,0.098,1.098,1.2500,14.0000,,
2024-11-27T15:14:00+00:00,2024-11-27T16:04:00+00:00,short,234.0300000,orb,2.4762,0.2143,26.0000,2.2500,,
2024-11-28T14:54:00+00:00,2024-11-29T00:34:00+00:00,long,-370.310000,orb,1.1429,1.4286,4.0000,5.0000,,
2024-11-29T14:54:00+00:00,2024-11-29T16:44:00+00:00,long,186.0200000,orb,2.42,0.14,30.2500,1.7500,,
2024-12-02T16:04:00+00:00,2024-12-02T16:44:00+00:00,short,-341.940000,orb,0.0,1.1136,0,12.2500,,
2024-12-03T15:29:00+00:00,2024-12-03T18:04:00+00:00,short,-334.950000,orb,0.0962,1.0385,1.2500,13.5000,,
2024-12-04T15:14:00+00:00,2024-12-04T15:39:00+00:00,short,-332.400000,orb,0.8,1.48,5.0000,9.2500,,
2024-12-05T15:04:00+00:00,2024-12-05T15:24:00+00:00,long,-344.160000,orb,0.0345,1.3448,0.2500,9.7500,,
2024-12-06T14:49:00+00:00,2024-12-06T17:04:00+00:00,long,-287.960000,orb,0.2321,1.0357,3.2500,14.5000,,
2024-12-09T15:19:00+00:00,2024-12-09T15:49:00+00:00,short,211.5300000,orb,2.5263,0.2368,24.0000,2.2500,,
2024-12-10T15:19:00+00:00,2024-12-10T16:49:00+00:00,long,-303.700000,orb,0.1915,1.0,2.2500,11.7500,,
2024-12-11T14:49:00+00:00,2024-12-11T16:39:00+00:00,long,244.5400000,orb,2.6061,0.0303,21.5000,0.2500,,
2024-12-12T14:54:00+00:00,2024-12-12T15:29:00+00:00,short,-335.920000,orb,0.8438,1.0625,6.7500,8.5000,,
2024-12-13T15:04:00+00:00,2024-12-13T15:44:00+00:00,short,171.0200000,orb,2.5,0.2174,28.7500,2.5000,,
2024-12-16T15:04:00+00:00,2024-12-16T15:19:00+00:00,long,-311.940000,orb,0.0,1.0,0,10.0000,,
2024-12-17T14:54:00+00:00,2024-12-17T15:14:00+00:00,long,-309.950000,orb,0.0417,1.2292,0.5000,14.7500,,
2024-12-18T14:54:00+00:00,2024-12-18T15:49:00+00:00,long,234.0300000,orb,1.7857,1.2143,18.7500,12.7500,,
2024-12-19T14:54:00+00:00,2024-12-19T21:09:00+00:00,short,348.520000,orb,1.3821,0.4309,42.5000,13.2500,,
2024-12-20T15:14:00+00:00,2024-12-20T16:04:00+00:00,long,246.7600000,orb,2.6136,0.1061,86.2500,3.5000,,
2024-12-23T14:49:00+00:00,2024-12-23T16:49:00+00:00,short,-350.970000,orb,0.8696,1.1196,20.0000,25.7500,,
2024-12-24T14:59:00+00:00,2024-12-24T16:44:00+00:00,long,249.7700000,orb,2.5821,0.0149,43.2500,0.2500,,
2024-12-26T14:54:00+00:00,2024-12-26T15:09:00+00:00,short,-309.720000,orb,0.0,1.0494,0,21.2500,,
2024-12-27T15:04:00+00:00,2024-12-27T21:09:00+00:00,short,-43.980000,orb,1.3967,0.2893,42.2500,8.7500,,
2024-12-30T14:59:00+00:00,2024-12-30T16:19:00+00:00,short,-288.980000,orb,0.307,1.0877,8.7500,31.0000,,
2024-12-31T15:09:00+00:00,2024-12-31T17:39:00+00:00,short,169.8850000,orb,1.7473,0.978,39.7500,22.2500,,
2025-01-02T14:54:00+00:00,2025-01-02T16:04:00+00:00,long,-193.240000,orb,0.3137,1.281,12.0000,49.0000,,
2025-01-03T16:04:00+00:00,2025-01-03T21:09:00+00:00,long,206.020000,orb,1.1296,0.5463,30.5000,14.7500,,
2025-01-06T14:49:00+00:00,2025-01-06T18:49:00+00:00,long,-320.970000,orb,0.869,1.1786,18.2500,24.7500,,
2025-01-07T15:04:00+00:00,2025-01-07T21:09:00+00:00,short,236.760000,orb,1.7391,0.2112,70.0000,8.5000,,
2025-01-08T14:54:00+00:00,2025-01-08T15:04:00+00:00,short,-332.960000,orb,0.1385,1.0,2.2500,16.2500,,
2025-01-10T14:49:00+00:00,2025-01-10T21:09:00+00:00,short,268.520000,orb,1.3106,0.5682,43.2500,18.7500,,
2025-01-13T14:54:00+00:00,2025-01-13T18:49:00+00:00,long,149.2600000,orb,2.3125,0.8375,46.2500,16.7500,,
2025-01-14T14:54:00+00:00,2025-01-14T16:49:00+00:00,short,169.8850000,orb,1.9451,0.8462,44.2500,19.2500,,
2025-01-15T14:49:00+00:00,2025-01-15T21:09:00+00:00,long,38.520000,orb,0.6033,0.9008,18.2500,27.2500,,
2025-01-16T14:49:00+00:00,2025-01-16T16:09:00+00:00,short,-279.720000,orb,0.6164,1.0822,11.2500,19.7500,,
2025-01-17T15:39:00+00:00,2025-01-17T21:09:00+00:00,long,-20.970000,orb,0.878,0.2195,18.0000,4.5000,,
2025-01-20T15:04:00+00:00,2025-01-20T17:29:00+00:00,short,242.2700000,orb,1.5538,0.3077,25.2500,5.0000,,
2025-01-21T15:14:00+00:00,2025-01-21T16:34:00+00:00,short,-335.970000,orb,0.0568,1.0,1.2500,22.0000,,
2025-01-22T14:54:00+00:00,2025-01-22T16:44:00+00:00,long,200.2800000,orb,1.6944,0.3889,15.2500,3.5000,,
2025-01-23T15:44:00+00:00,2025-01-23T18:14:00+00:00,long,222.7800000,orb,3.25,0.175,32.5000,1.7500,,
2025-01-24T14:49:00+00:00,2025-01-24T15:04:00+00:00,long,-335.920000,orb,0.0938,1.0938,0.7500,8.7500,,
2025-01-27T14:59:00+00:00,2025-01-27T21:09:00+00:00,long,59.260000,orb,0.4783,0.6335,19.2500,25.5000,,
2025-01-28T14:49:00+00:00,2025-01-28T15:14:00+00:00,short,-306.480000,orb,0.0992,1.0248,3.0000,31.0000,,
2025-01-29T16:39:00+00:00,2025-01-29T21:09:00+00:00,short,159.030000,orb,1.4615,0.859,28.5000,16.7500,,
2025-01-30T14:49:00+00:00,2025-01-30T15:04:00+00:00,long,-238.980000,orb,0.1064,1.1489,2.5000,27.0000,,
2025-01-31T14:59:00+00:00,2025-01-31T16:04:00+00:00,long,239.6550000,orb,1.7209,0.1395,18.5000,1.5000,,
2025-02-03T15:04:00+00:00,2025-02-03T15:24:00+00:00,short,-296.480000,orb,0.3333,1.4188,9.7500,41.5000,,
2025-02-04T14:54:00+00:00,2025-02-04T16:19:00+00:00,long,249.7700000,orb,2.0149,0.1791,33.7500,3.0000,,
2025-02-05T14:54:00+00:00,2025-02-05T15:04:00+00:00,short,211.5300000,orb,1.7105,0.9737,16.2500,9.2500,,
2025-02-06T15:04:00+00:00,2025-02-06T19:34:00+00:00,short,228.4050000,orb,2.3415,0.9756,24.0000,10.0000,,
2025-02-07T14:49:00+00:00,2025-02-07T15:04:00+00:00,long,-341.200000,orb,0.1887,2.6415,2.5000,35.0000,,
2025-02-10T15:09:00+00:00,2025-02-10T21:09:00+00:00,long,-35.970000,orb,0.4737,0.7763,9.0000,14.7500,,
2025-02-11T15:29:00+00:00,2025-02-11T21:09:00+00:00,long,212.040000,orb,1.0294,0.6324,17.5000,10.7500,,
2025-02-12T14:49:00+00:00,2025-02-12T21:09:00+00:00,long,248.520000,orb,1.271,0.6168,34.0000,16.5000,,
2025-02-13T15:04:00+00:00,2025-02-13T19:09:00+00:00,long,141.7600000,orb,2.5526,0.4737,48.5000,9.0000,,
2025-02-14T15:04:00+00:00,2025-02-14T15:44:00+00:00,long,-365.920000,orb,0.4286,1.0571,3.7500,9.2500,,
2025-02-17T16:19:00+00:00,2025-02-18T14:44:00+00:00,long,-328.930000,orb,1.3611,1.1111,12.2500,10.0000,,
2025-02-18T15:04:00+00:00,2025-02-18T20:59:00+00:00,short,-309.950000,orb,1.1667,1.3542,14.0000,16.2500,,
2025-02-19T15:04:00+00:00,2025-02-19T15:34:00+00:00,short,-368.880000,orb,0.2174,2.087,1.2500,12.0000,,
2025-02-20T14:49:00+00:00,2025-02-20T14:59:00+00:00,short,197.2700000,orb,2.5472,0.0566,33.7500,0.7500,,
2025-02-21T14:49:00+00:00,2025-02-21T15:29:00+00:00,short,223.5200000,orb,2.8333,0.1,42.5000,1.5000,,
2025-02-24T14:49:00+00:00,2025-02-24T15:09:00+00:00,short,181.1350000,orb,1.6907,0.0206,41.0000,0.5000,,
2025-02-25T14:49:00+00:00,2025-02-25T15:14:00+00:00,short,143.6350000,orb,2.5844,0.0909,49.7500,1.7500,,
2025-02-26T14:49:00+00:00,2025-02-26T17:59:00+00:00,long,-324.720000,orb,1.1294,1.0,24.0000,21.2500,,
2025-02-27T14:54:00+00:00,2025-02-27T21:09:00+00:00,short,430.510000,orb,2.1345,0.6433,91.2500,27.5000,,
2025-02-28T15:09:00+00:00,2025-02-28T18:19:00+00:00,long,-343.980000,orb,0.6765,1.2574,23.0000,42.7500,,
2025-03-03T14:49:00+00:00,2025-03-03T18:14:00+00:00,short,229.8850000,orb,2.6911,0.2846,82.7500,8.7500,,
2025-03-04T14:54:00+00:00,2025-03-04T15:24:00+00:00,short,235.5100000,orb,1.5397,0.2222,48.5000,7.0000,,
2025-03-05T14:59:00+00:00,2025-03-05T15:04:00+00:00,short,-348.980000,orb,0.0,1.058,0,36.5000,,
2025-03-06T15:04:00+00:00,2025-03-06T17:04:00+00:00,long,-286.480000,orb,1.3982,1.0885,39.5000,30.7500,,
2025-03-07T14:49:00+00:00,2025-03-07T15:34:00+00:00,long,-234.490000,orb,0.1452,1.2688,6.7500,59.0000,,
2025-03-10T14:04:00+00:00,2025-03-10T17:39:00+00:00,short,269.2600000,orb,2.6736,0.3056,96.2500,11.0000,,
2025-03-11T13:49:00+00:00,2025-03-11T14:04:00+00:00,long,-328.980000,orb,0.1692,1.6154,5.5000,52.5000,,
2025-03-12T13:54:00+00:00,2025-03-12T15:09:00+00:00,short,263.6350000,orb,1.6809,0.2766,59.2500,9.7500,,
2025-03-13T13:49:00+00:00,2025-03-13T14:29:00+00:00,short,-305.970000,orb,1.15,1.2,23.0000,24.0000,,
2025-03-14T13:49:00+00:00,2025-03-14T14:04:00+00:00,long,-341.480000,orb,0.1556,1.1407,5.2500,38.5000,,
2025-03-17T14:14:00+00:00,2025-03-17T20:09:00+00:00,long,26.760000,orb,0.8981,0.8726,35.2500,34.2500,,
2025-03-18T13:54:00+00:00,2025-03-18T20:09:00+00:00,short,-10.740000,orb,0.6054,0.2449,22.2500,9.0000,,
2025-03-19T13:54:00+00:00,2025-03-19T18:59:00+00:00,long,198.0100000,orb,2.566,0.7736,68.0000,20.5000,,
2025-03-20T13:54:00+00:00,2025-03-20T20:09:00+00:00,long,-28.980000,orb,1.3333,0.7029,46.0000,24.2500,,
2025-03-21T14:54:00+00:00,2025-03-21T16:59:00+00:00,long,166.1350000,orb,2.0787,0.7753,46.2500,17.2500,,
2025-03-24T13:49:00+00:00,2025-03-24T20:09:00+00:00,long,234.030000,orb,1.0309,0.2474,25.0000,6.0000,,
2025-03-25T14:04:00+00:00,2025-03-25T14:29:00+00:00,short,-372.450000,orb,0.0,1.1034,0,16.0000,,
2025-03-26T13:54:00+00:00,2025-03-26T15:49:00+00:00,short,138.0100000,orb,2.7973,0.0811,51.7500,1.5000,,
2025-03-27T13:54:00+00:00,2025-03-27T20:09:00+00:00,long,-53.980000,orb,1.0877,0.5263,31.0000,15.0000,,
2025-03-28T13:54:00+00:00,2025-03-28T14:14:00+00:00,short,149.2600000,orb,2.8,0.05,56.0000,1.0000,,
2025-03-31T14:09:00+00:00,2025-03-31T20:09:00+00:00,long,316.760000,orb,2.323,0.4969,93.5000,20.0000,,
2025-04-01T13:49:00+00:00,2025-04-01T14:09:00+00:00,long,-380.970000,orb,0.06,1.36,1.5000,34.0000,,
2025-04-02T13:49:00+00:00,2025-04-02T20:09:00+00:00,long,239.260000,orb,1.7581,0.2366,81.7500,11.0000,,
2025-04-03T13:59:00+00:00,2025-04-03T14:54:00+00:00,short,237.3850000,orb,1.685,0.126,53.5000,4.0000,,
2025-04-04T14:14:00+00:00,2025-04-04T20:09:00+00:00,short,674.260000,orb,1.9901,0.5563,150.2500,42.0000,,
2025-04-07T13:54:00+00:00,2025-04-07T14:19:00+00:00,long,1318.0100000,orb,2.9739,0.1019,313.7500,10.7500,,
2025-04-08T13:59:00+00:00,2025-04-08T15:04:00+00:00,long,-246.990000,orb,0.5102,1.0357,25.0000,50.7500,,
2025-04-09T14:59:00+00:00,2025-04-09T16:59:00+00:00,short,-446.990000,orb,0.014,1.073,1.2500,95.5000,,
2025-04-10T14:14:00+00:00,2025-04-10T16:24:00+00:00,short,743.0100000,orb,2.9496,0.7479,175.5000,44.5000,,
2025-04-11T13:49:00+00:00,2025-04-11T14:24:00+00:00,long,-310.740000,orb,0.2632,1.1579,16.2500,71.5000,,
2025-04-14T15:29:00+00:00,2025-04-14T20:09:00+00:00,short,3.010000,orb,0.8147,0.7026,47.2500,40.7500,,
2025-04-15T13:54:00+00:00,2025-04-15T14:19:00+00:00,long,-331.480000,orb,0.2366,1.0534,7.7500,34.5000,,
2025-04-16T13:54:00+00:00,2025-04-16T15:24:00+00:00,short,-336.480000,orb,0.2782,1.1805,9.2500,39.2500,,
2025-04-17T13:54:00+00:00,2025-04-17T14:24:00+00:00,long,-384.720000,orb,0.1485,1.1881,3.7500,30.0000,,
2025-04-21T13:54:00+00:00,2025-04-21T14:59:00+00:00,short,220.5100000,orb,2.6949,0.0169,79.5000,0.5000,,
2025-04-22T13:49:00+00:00,2025-04-22T15:59:00+00:00,long,205.5100000,orb,2.6545,0.4273,73.0000,11.7500,,
2025-04-23T15:29:00+00:00,2025-04-23T20:09:00+00:00,short,133.010000,orb,0.7638,0.1496,48.5000,9.5000,,
2025-04-24T13:49:00+00:00,2025-04-24T14:34:00+00:00,long,214.8850000,orb,2.6783,0.087,77.0000,2.5000,,
2025-04-25T13:49:00+00:00,2025-04-25T16:24:00+00:00,short,-392.220000,orb,0.7184,1.1456,18.5000,29.5000,,
2025-04-28T13:59:00+00:00,2025-04-28T17:14:00+00:00,short,229.8850000,orb,1.7317,0.6179,53.2500,19.0000,,
2025-04-29T13:49:00+00:00,2025-04-29T17:49:00+00:00,long,179.2600000,orb,1.8854,0.6562,45.2500,15.7500,,
2025-04-30T13:59:00+00:00,2025-04-30T15:04:00+00:00,short,-288.240000,orb,0.0393,1.1135,2.2500,63.7500,,
2025-05-01T13:59:00+00:00,2025-05-01T14:09:00+00:00,short,-339.720000,orb,0.0,1.0674,0,23.7500,,
2025-05-02T13:49:00+00:00,2025-05-02T14:19:00+00:00,short,-392.960000,orb,0.6364,1.1948,12.2500,23.0000,,
2025-05-05T14:09:00+00:00,2025-05-05T17:54:00+00:00,long,249.7700000,orb,1.9254,0.3731,32.2500,6.2500,,
2025-05-06T13:54:00+00:00,2025-05-06T14:19:00+00:00,short,-388.470000,orb,0.0392,1.1275,1.0000,28.7500,,
2025-05-07T13:59:00+00:00,2025-05-07T14:54:00+00:00,long,-302.220000,orb,0.2658,1.1772,5.2500,23.2500,,
2025-05-08T13:49:00+00:00,2025-05-08T15:24:00+00:00,short,-377.960000,orb,1.1622,1.2568,21.5000,23.2500,,
2025-05-09T14:19:00+00:00,2025-05-09T14:39:00+00:00,short,264.7700000,orb,1.662,0.0986,29.5000,1.7500,,
2025-05-12T14:29:00+00:00,2025-05-12T17:09:00+00:00,short,-348.980000,orb,0.3551,1.2464,12.2500,43.0000,,
2025-05-13T13:54:00+00:00,2025-05-13T14:19:00+00:00,long,145.5100000,orb,2.2436,0.0641,43.7500,1.2500,,
2025-05-14T13:49:00+00:00,2025-05-14T20:09:00+00:00,short,-95.970000,orb,0.6951,0.8171,14.2500,16.7500,,
2025-05-15T13:49:00+00:00,2025-05-15T14:04:00+00:00,short,-390.180000,orb,0.2093,1.6744,2.2500,18.0000,,
2025-05-16T14:19:00+00:00,2025-05-16T14:44:00+00:00,long,-366.200000,orb,0.1404,1.5088,2.0000,21.5000,,
2025-05-19T13:49:00+00:00,2025-05-19T17:09:00+00:00,long,218.6350000,orb,1.5641,0.1282,45.7500,3.7500,,
2025-05-20T13:49:00+00:00,2025-05-20T14:39:00+00:00,short,-386.940000,orb,0.26,1.14,3.2500,14.2500,,
2025-05-21T13:49:00+00:00,2025-05-21T17:19:00+00:00,long,-362.960000,orb,1.3944,1.507,24.7500,26.7500,,
2025-05-22T13:59:00+00:00,2025-05-22T20:09:00+00:00,long,-101.480000,orb,0.8739,0.982,24.2500,27.2500,,
2025-05-23T14:14:00+00:00,2025-05-23T20:09:00+00:00,long,6.020000,orb,1.3119,0.5596,35.7500,15.2500,,
2025-05-26T14:34:00+00:00,2025-05-27T03:49:00+00:00,short,267.7800000,orb,1.5208,0.9792,18.2500,11.7500,,
2025-05-27T14:04:00+00:00,2025-05-27T16:39:00+00:00,long,183.0100000,orb,1.9286,0.0306,47.2500,0.7500,,
2025-05-28T13:49:00+00:00,2025-05-28T15:39:00+00:00,short,227.2700000,orb,2.7705,0.1311,42.2500,2.0000,,
2025-05-29T13:49:00+00:00,2025-05-29T16:04:00+00:00,short,209.2600000,orb,1.5714,0.5804,44.0000,16.2500,,
2025-05-30T13:49:00+00:00,2025-05-30T14:14:00+00:00,short,-377.960000,orb,0.4865,1.2432,9.0000,23.0000,,
2025-06-02T13:54:00+00:00,2025-06-02T15:54:00+00:00,short,-384.720000,orb,0.8614,1.1386,21.7500,28.7500,,
2025-06-03T14:19:00+00:00,2025-06-03T15:44:00+00:00,long,201.0200000,orb,2.5556,0.2222,34.5000,3.0000,,
2025-06-04T14:04:00+00:00,2025-06-04T18:09:00+00:00,short,-394.440000,orb,0.902,1.0392,11.5000,13.2500,,
2025-06-05T13:49:00+00:00,2025-06-05T15:19:00+00:00,short,-276.480000,orb,0.4679,1.2569,12.7500,34.2500,,
2025-06-06T15:19:00+00:00,2025-06-06T20:09:00+00:00,short,-116.480000,orb,0.4423,0.9519,11.5000,24.7500,,
2025-06-09T14:34:00+00:00,2025-06-09T20:09:00+00:00,long,-147.960000,orb,0.746,0.6667,11.7500,10.5000,,
2025-06-10T14:19:00+00:00,2025-06-10T15:34:00+00:00,long,-385.920000,orb,0.5946,2.1892,5.5000,20.2500,,
2025-06-11T14:19:00+00:00,2025-06-11T16:09:00+00:00,long,-362.960000,orb,0.3099,1.1831,5.5000,21.0000,,
2025-06-12T13:49:00+00:00,2025-06-12T14:44:00+00:00,long,212.2700000,orb,1.9825,0.4211,28.2500,6.0000,,
2025-06-13T13:59:00+00:00,2025-06-13T15:24:00+00:00,short,-377.220000,orb,0.5051,1.1919,12.5000,29.5000,,
2025-06-16T13:49:00+00:00,2025-06-16T20:09:00+00:00,long,132.040000,orb,1.2432,0.2838,23.0000,5.2500,,
2025-06-17T14:09:00+00:00,2025-06-17T16:59:00+00:00,long,-359.950000,orb,0.4107,1.2143,5.7500,17.0000,,
2025-06-18T13:49:00+00:00,2025-06-18T14:29:00+00:00,long,219.7700000,orb,1.6441,0.0847,24.2500,1.2500,,
2025-06-19T13:49:00+00:00,2025-06-19T22:04:00+00:00,short,-362.220000,orb,0.0947,1.5368,2.2500,36.5000,,
2025-06-20T13:59:00+00:00,2025-06-20T14:54:00+00:00,short,160.5100000,orb,2.1395,0.1279,46.0000,2.7500,,
2025-06-23T13:49:00+00:00,2025-06-23T16:34:00+00:00,long,-261.480000,orb,0.8447,1.2233,21.7500,31.5000,,
2025-06-24T15:14:00+00:00,2025-06-24T19:34:00+00:00,long,234.7700000,orb,1.5714,0.0952,24.7500,1.5000,,
2025-06-25T14:14:00+00:00,2025-06-25T17:44:00+00:00,short,234.0300000,orb,1.7857,0.9524,18.7500,10.0000,,
2025-06-26T13:49:00+00:00,2025-06-26T14:04:00+00:00,short,-406.890000,orb,0.4643,1.5,3.2500,10.5000,,
2025-06-27T13:49:00+00:00,2025-06-27T14:14:00+00:00,long,245.2800000,orb,2.3409,0.2727,25.7500,3.0000,,
2025-06-30T14:39:00+00:00,2025-06-30T19:24:00+00:00,short,-384.950000,orb,0.6167,1.2167,9.2500,18.2500,,
2025-07-01T13:49:00+00:00,2025-07-01T14:49:00+00:00,long,-390.180000,orb,0.7442,1.093,8.0000,11.7500,,
2025-07-02T14:04:00+00:00,2025-07-02T15:39:00+00:00,long,234.0300000,orb,2.619,0.0238,27.5000,0.2500,,
2025-07-03T13:49:00+00:00,2025-07-03T15:44:00+00:00,long,219.7700000,orb,1.7288,0.1356,25.5000,2.0000,,
2025-07-04T13:54:00+00:00,2025-07-06T22:04:00+00:00,long,229.5400000,orb,3.3226,0.6774,25.7500,5.2500,,
2025-07-07T14:14:00+00:00,2025-07-07T16:19:00+00:00,short,273.4050000,orb,2.898,0.5714,35.5000,7.0000,,
2025-07-08T14:04:00+00:00,2025-07-08T14:39:00+00:00,short,-411.660000,orb,0.9714,1.1714,8.5000,10.2500,,
2025-07-09T13:49:00+00:00,2025-07-09T14:34:00+00:00,long,-397.960000,orb,0.0897,1.2436,1.7500,24.2500,,
2025-07-10T13:54:00+00:00,2025-07-10T14:39:00+00:00,short,-385.920000,orb,0.4865,1.1081,4.5000,10.2500,,
2025-07-11T14:14:00+00:00,2025-07-11T20:09:00+00:00,long,-37.960000,orb,0.6883,0.4805,13.2500,9.2500,,
2025-07-14T14:24:00+00:00,2025-07-14T20:09:00+00:00,long,197.040000,orb,0.9571,0.7143,16.7500,12.5000,,
2025-07-15T13:59:00+00:00,2025-07-15T19:59:00+00:00,short,171.7600000,orb,1.7826,0.3478,41.0000,8.0000,,
2025-07-16T13:49:00+00:00,2025-07-16T15:19:00+00:00,short,219.7700000,orb,1.661,0.5424,24.5000,8.0000,,
2025-07-17T13:49:00+00:00,2025-07-17T20:09:00+00:00,long,407.040000,orb,1.4028,0.6389,25.2500,11.5000,,
2025-07-18T14:09:00+00:00,2025-07-18T15:04:00+00:00,short,274.5400000,orb,2.1081,0.0811,19.5000,0.7500,,
2025-07-21T13:49:00+00:00,2025-07-21T19:49:00+00:00,long,-384.950000,orb,0.95,1.1667,14.2500,17.5000,,
2025-07-22T13:49:00+00:00,2025-07-22T13:54:00+00:00,short,267.7800000,orb,1.5208,0.2083,18.2500,2.5000,,
2025-07-23T13:49:00+00:00,2025-07-23T15:54:00+00:00,short,-347.450000,orb,0.463,1.6296,6.2500,22.0000,,
2025-07-24T13:49:00+00:00,2025-07-24T14:19:00+00:00,long,-379.440000,orb,0.0816,1.0,1.0000,12.2500,,
2025-07-25T14:19:00+00:00,2025-07-25T16:29:00+00:00,long,286.9250000,orb,2.5484,0.6129,19.7500,4.7500,,
2025-07-28T14:14:00+00:00,2025-07-28T15:19:00+00:00,long,-385.920000,orb,0.0541,1.5946,0.5000,14.7500,,
2025-07-29T13:49:00+00:00,2025-07-29T15:19:00+00:00,short,289.5400000,orb,2.5641,0.5385,25.0000,5.2500,,
2025-07-30T14:19:00+00:00,2025-07-30T15:14:00+00:00,long,-375.920000,orb,0.75,1.2222,6.7500,11.0000,,
2025-07-31T14:54:00+00:00,2025-07-31T17:54:00+00:00,short,181.1350000,orb,2.6598,0.4639,64.5000,11.2500,,
2025-08-01T13:49:00+00:00,2025-08-01T20:09:00+00:00,short,-16.990000,orb,0.4069,0.7206,20.7500,36.7500,,
2025-08-04T13:49:00+00:00,2025-08-04T20:09:00+00:00,long,328.520000,orb,1.2389,0.1858,35.0000,5.2500,,
2025-08-05T13:54:00+00:00,2025-08-05T14:04:00+00:00,long,-407.680000,orb,0.0,1.5778,0,17.7500,,
2025-08-06T13:54:00+00:00,2025-08-06T14:24:00+00:00,long,-366.200000,orb,0.6491,1.1228,9.2500,16.0000,,
2025-08-07T13:49:00+00:00,2025-08-07T14:24:00+00:00,short,290.2800000,orb,2.5962,0.8846,33.7500,11.5000,,
2025-08-08T13:49:00+00:00,2025-08-08T18:04:00+00:00,long,231.0200000,orb,1.6613,0.3226,25.7500,5.0000,,
2025-08-11T14:19:00+00:00,2025-08-11T14:49:00+00:00,long,-398.930000,orb,0.0227,1.3182,0.2500,14.5000,,
2025-08-12T13:49:00+00:00,2025-08-12T14:54:00+00:00,short,-350.970000,orb,0.3478,1.163,8.0000,26.7500,,
2025-08-13T13:49:00+00:00,2025-08-13T14:24:00+00:00,long,-359.950000,orb,0.2321,1.0179,3.2500,14.2500,,
2025-08-14T13:49:00+00:00,2025-08-14T19:59:00+00:00,long,290.2800000,orb,1.5385,0.8077,20.0000,10.5000,,
2025-08-15T13:49:00+00:00,2025-08-15T20:09:00+00:00,short,144.030000,orb,0.6292,0.4494,14.0000,10.0000,,
2025-08-18T13:59:00+00:00,2025-08-18T14:24:00+00:00,short,-422.910000,orb,0.0,1.4167,0,12.7500,,
2025-08-19T14:04:00+00:00,2025-08-19T14:44:00+00:00,long,-328.470000,orb,0.0,1.0581,0,22.7500,,
2025-08-20T13:49:00+00:00,2025-08-20T14:19:00+00:00,short,171.7600000,orb,1.9457,0.0435,44.7500,1.0000,,
2025-08-21T13:59:00+00:00,2025-08-21T14:04:00+00:00,short,-353.700000,orb,0.3818,1.3273,5.2500,18.2500,,
2025-08-22T13:49:00+00:00,2025-08-22T14:04:00+00:00,long,175.5100000,orb,1.9468,0.6277,45.7500,14.7500,,
2025-08-25T14:09:00+00:00,2025-08-25T19:49:00+00:00,long,-381.430000,orb,0.7857,1.0238,8.2500,10.7500,,
2025-08-26T13:49:00+00:00,2025-08-26T14:04:00+00:00,short,-398.930000,orb,0.0455,1.0227,0.5000,11.2500,,
2025-08-27T14:09:00+00:00,2025-08-27T20:09:00+00:00,long,265.560000,orb,1.4082,0.2653,17.2500,3.2500,,
2025-08-28T13:49:00+00:00,2025-08-28T16:29:00+00:00,short,-403.700000,orb,0.746,1.3016,11.7500,20.5000,,
2025-08-29T13:49:00+00:00,2025-08-29T14:54:00+00:00,short,261.0200000,orb,1.6857,0.1571,29.5000,2.7500,,
2025-09-01T13:49:00+00:00,2025-09-01T23:24:00+00:00,long,-395.920000,orb,0.6842,1.2105,6.5000,11.5000,,
2025-09-02T13:49:00+00:00,2025-09-02T15:39:00+00:00,long,-362.960000,orb,1.338,1.3662,23.7500,24.2500,,
2025-09-03T13:59:00+00:00,2025-09-03T14:29:00+00:00,short,-401.940000,orb,0.2692,1.0,3.5000,13.0000,,
2025-09-04T14:04:00+00:00,2025-09-04T14:34:00+00:00,short,-386.940000,orb,0.46,1.08,5.7500,13.5000,,
2025-09-05T13:54:00+00:00,2025-09-05T14:04:00+00:00,short,259.5400000,orb,2.6857,0.0286,23.5000,0.2500,,
2025-09-08T14:19:00+00:00,2025-09-08T14:34:00+00:00,short,-364.440000,orb,0.1064,1.0851,1.2500,12.7500,,
2025-09-09T13:54:00+00:00,2025-09-09T14:04:00+00:00,short,-365.920000,orb,0.2571,1.0,2.2500,8.7500,,
2025-09-10T14:04:00+00:00,2025-09-10T15:19:00+00:00,long,-366.200000,orb,0.2807,1.1754,4.0000,16.7500,,
2025-09-11T13:54:00+00:00,2025-09-11T15:19:00+00:00,long,216.0200000,orb,2.2241,0.1724,32.2500,2.5000,,
2025-09-12T13:59:00+00:00,2025-09-12T18:54:00+00:00,long,237.0400000,orb,1.5938,0.9375,12.7500,7.5000,,
2025-09-15T13:54:00+00:00,2025-09-15T17:24:00+00:00,long,-355.180000,orb,0.5897,1.0256,5.7500,10.0000,,
2025-09-16T13:54:00+00:00,2025-09-16T20:09:00+00:00,short,-3.700000,orb,0.7167,0.3167,10.7500,4.7500,,
2025-09-17T14:04:00+00:00,2025-09-17T18:04:00+00:00,short,-363.930000,orb,1.4,2.25,14.0000,22.5000,,
2025-09-18T14:04:00+00:00,2025-09-18T20:09:00+00:00,long,9.030000,orb,1.0988,0.3704,22.2500,7.5000,,
2025-09-19T13:49:00+00:00,2025-09-19T14:49:00+00:00,long,-364.440000,orb,0.2128,1.3191,2.5000,15.5000,,
2025-09-22T13:49:00+00:00,2025-09-22T14:29:00+00:00,long,249.4250000,orb,2.5185,0.1481,17.0000,1.0000,,
2025-09-23T14:24:00+00:00,2025-09-23T16:09:00+00:00,short,244.5400000,orb,2.5152,0.4242,20.7500,3.5000,,
2025-09-24T13:49:00+00:00,2025-09-24T15:59:00+00:00,short,257.2700000,orb,1.913,0.4638,33.0000,8.0000,,
2025-09-25T14:14:00+00:00,2025-09-25T18:04:00+00:00,long,-298.980000,orb,0.4746,1.2458,14.0000,36.7500,,
2025-09-26T13:59:00+00:00,2025-09-26T14:24:00+00:00,long,-298.980000,orb,0.2203,1.0678,6.5000,31.5000,,
2025-09-29T14:09:00+00:00,2025-09-29T15:14:00+00:00,long,-359.950000,orb,0.0357,1.0357,0.5000,14.5000,,
2025-09-30T13:54:00+00:00,2025-09-30T14:04:00+00:00,short,-381.430000,orb,0.1905,1.3571,2.0000,14.2500,,
2025-10-01T14:29:00+00:00,2025-10-01T18:44:00+00:00,long,181.1350000,orb,1.5979,0.134,38.7500,3.2500,,
2025-10-02T14:14:00+00:00,2025-10-02T20:09:00+00:00,short,-125.970000,orb,0.925,0.575,18.5000,11.5000,,
2025-10-03T14:29:00+00:00,2025-10-03T17:44:00+00:00,long,-391.200000,orb,0.8525,1.0,13.0000,15.2500,,
2025-10-06T13:59:00+00:00,2025-10-06T15:49:00+00:00,short,-332.960000,orb,0.3538,1.0769,5.7500,17.5000,,
2025-10-07T14:04:00+00:00,2025-10-07T15:09:00+00:00,short,267.7800000,orb,2.5417,0.4792,30.5000,5.7500,,
2025-10-08T14:04:00+00:00,2025-10-08T20:09:00+00:00,long,357.040000,orb,1.013,0.0649,19.5000,1.2500,,
2025-10-09T13:54:00+00:00,2025-10-09T20:09:00+00:00,short,99.030000,orb,1.2558,0.2093,27.0000,4.5000,,
2025-10-10T14:59:00+00:00,2025-10-10T17:09:00+00:00,short,568.0100000,orb,2.533,0.0055,115.2500,0.2500,,
2025-10-13T13:59:00+00:00,2025-10-13T15:09:00+00:00,long,-318.980000,orb,0.1111,1.0079,3.5000,31.7500,,
2025-10-14T14:04:00+00:00,2025-10-14T20:09:00+00:00,long,184.260000,orb,1.948,0.1272,84.2500,5.5000,,
2025-10-15T13:59:00+00:00,2025-10-15T15:39:00+00:00,long,-320.970000,orb,0.9286,1.2024,19.5000,25.2500,,
2025-10-16T14:14:00+00:00,2025-10-16T14:24:00+00:00,short,-357.960000,orb,0.1571,1.0429,2.7500,18.2500,,
2025-10-17T13:54:00+00:00,2025-10-17T15:39:00+00:00,long,-353.980000,orb,0.5929,1.0357,20.7500,36.2500,,
2025-10-20T13:49:00+00:00,2025-10-20T18:09:00+00:00,long,147.3850000,orb,1.519,0.4177,30.0000,8.2500,,
2025-10-21T13:59:00+00:00,2025-10-21T14:24:00+00:00,short,-379.440000,orb,0.4694,1.102,5.7500,13.5000,,
2025-10-22T14:24:00+00:00,2025-10-22T15:24:00+00:00,short,238.5200000,orb,4.0625,0.2031,65.0000,3.2500,,
2025-10-23T13:49:00+00:00,2025-10-23T20:09:00+00:00,long,207.780000,orb,0.98,0.89,24.5000,22.2500,,
2025-10-24T14:09:00+00:00,2025-10-24T20:09:00+00:00,long,-129.720000,orb,0.2955,0.8864,6.5000,19.5000,,
2025-10-27T14:04:00+00:00,2025-10-27T19:54:00+00:00,long,279.0300000,orb,1.78,0.8,22.2500,10.0000,,
2025-10-28T13:49:00+00:00,2025-10-28T16:34:00+00:00,short,-397.450000,orb,0.5484,1.1935,8.5000,18.5000,,
2025-10-29T13:59:00+00:00,2025-10-29T14:44:00+00:00,long,-372.450000,orb,0.069,1.0,1.0000,14.5000,,
2025-10-30T13:54:00+00:00,2025-10-30T19:19:00+00:00,long,-200.740000,orb,0.1509,1.0755,6.0000,42.7500,,
2025-10-31T14:04:00+00:00,2025-10-31T20:09:00+00:00,short,39.030000,orb,1.3737,0.9091,34.0000,22.5000,,
2025-11-03T14:54:00+00:00,2025-11-03T21:09:00+00:00,short,-111.480000,orb,0.7574,0.5294,25.7500,18.0000,,
2025-11-04T14:54:00+00:00,2025-11-04T19:44:00+00:00,long,-366.480000,orb,0.469,1.0345,17.0000,37.5000,,
2025-11-05T14:49:00+00:00,2025-11-05T16:44:00+00:00,long,143.6350000,orb,2.5195,0.0649,48.5000,1.2500,,
2025-11-06T14:54:00+00:00,2025-11-06T15:44:00+00:00,short,186.7600000,orb,2.51,0.18,62.7500,4.5000,,
2025-11-07T15:44:00+00:00,2025-11-07T19:39:00+00:00,short,-378.980000,orb,0.8133,1.16,30.5000,43.5000,,
2025-11-10T15:54:00+00:00,2025-11-10T17:54:00+00:00,short,-343.470000,orb,0.8444,1.1889,19.0000,26.7500,,
2025-11-11T14:59:00+00:00,2025-11-11T15:09:00+00:00,long,-355.180000,orb,0.0,1.6923,0,16.5000,,
2025-11-12T14:49:00+00:00,2025-11-12T21:09:00+00:00,short,-72.960000,orb,1.4179,0.5672,23.7500,9.5000,,
2025-11-13T15:44:00+00:00,2025-11-13T18:39:00+00:00,short,265.5100000,orb,1.9014,0.0282,67.5000,1.0000,,
2025-11-14T14:49:00+00:00,2025-11-14T21:09:00+00:00,long,210.510000,orb,1.6973,0.2108,78.5000,9.7500,,
2025-11-17T14:49:00+00:00,2025-11-17T16:09:00+00:00,long,-391.480000,orb,0.2387,1.0129,9.2500,39.2500,,
2025-11-18T14:49:00+00:00,2025-11-18T16:04:00+00:00,short,252.3850000,orb,1.5111,0.2815,51.0000,9.5000,,
2025-11-19T14:49:00+00:00,2025-11-19T17:34:00+00:00,long,-348.980000,orb,1.1159,1.029,38.5000,35.5000,,
2025-11-20T14:54:00+00:00,2025-11-20T16:04:00+00:00,long,-357.960000,orb,0.7571,1.5143,13.2500,26.5000,,
2025-11-21T15:04:00+00:00,2025-11-21T16:39:00+00:00,short,-261.480000,orb,1.2039,1.3592,31.0000,35.0000,,
2025-11-24T14:49:00+00:00,2025-11-24T15:09:00+00:00,short,-331.480000,orb,0.2137,1.0763,7.0000,35.2500,,
2025-11-25T14:49:00+00:00,2025-11-25T15:44:00+00:00,short,-255.740000,orb,0.0887,1.0985,4.5000,55.7500,,
2025-11-26T14:49:00+00:00,2025-11-26T14:59:00+00:00,long,-290.970000,orb,0.0789,1.1842,1.5000,22.5000,,
2025-11-27T15:34:00+00:00,2025-11-27T23:09:00+00:00,short,-399.620000,orb,0.1304,1.4348,0.7500,8.2500,,
2025-11-28T15:19:00+00:00,2025-12-01T00:49:00+00:00,long,-312.960000,orb,1.1639,1.2131,17.7500,18.5000,,
2025-12-01T14:54:00+00:00,2025-12-01T21:09:00+00:00,long,-116.480000,orb,0.7273,0.9697,18.0000,24.0000,,
2025-12-02T14:54:00+00:00,2025-12-02T15:04:00+00:00,short,-359.950000,orb,0.0536,1.125,0.7500,15.7500,,
2025-12-03T15:04:00+00:00,2025-12-03T21:09:00+00:00,long,256.530000,orb,1.1848,0.6087,27.2500,14.0000,,
2025-12-04T14:49:00+00:00,2025-12-04T21:09:00+00:00,short,-140.970000,orb,1.1184,0.7105,21.2500,13.5000,,
2025-12-05T14:49:00+00:00,2025-12-05T16:34:00+00:00,long,-322.450000,orb,1.46,1.2,18.2500,15.0000,,
2025-12-08T15:09:00+00:00,2025-12-08T16:04:00+00:00,short,212.2700000,orb,2.5614,0.0175,36.5000,0.2500,,
2025-12-09T14:54:00+00:00,2025-12-09T20:54:00+00:00,long,-327.960000,orb,0.5781,1.0469,9.2500,16.7500,,
2025-12-10T14:59:00+00:00,2025-12-10T19:34:00+00:00,long,272.2700000,orb,2.6986,0.9315,49.2500,17.0000,,
2025-12-11T14:49:00+00:00,2025-12-11T15:24:00+00:00,short,-335.970000,orb,0.6818,1.3068,15.0000,28.7500,,
2025-12-12T14:49:00+00:00,2025-12-12T15:24:00+00:00,short,223.5200000,orb,2.5167,0.45,37.7500,6.7500,,
2025-12-15T14:54:00+00:00,2025-12-15T21:09:00+00:00,short,213.520000,orb,1.2696,0.0435,36.5000,1.2500,,
2025-12-16T14:59:00+00:00,2025-12-16T15:19:00+00:00,long,-266.480000,orb,0.1143,1.0571,3.0000,27.7500,,
2025-12-17T15:34:00+00:00,2025-12-17T16:14:00+00:00,short,201.7600000,orb,2.537,0.0556,68.5000,1.5000,,
2025-12-18T15:29:00+00:00,2025-12-18T17:14:00+00:00,long,-301.480000,orb,0.5882,1.0588,17.5000,31.5000,,
2025-12-19T14:59:00+00:00,2025-12-19T21:09:00+00:00,long,91.020000,orb,0.3741,0.4029,13.0000,14.0000,,
2025-12-22T15:39:00+00:00,2025-12-22T16:14:00+00:00,short,-342.960000,orb,0.0149,1.1045,0.2500,18.5000,,
2025-12-23T14:49:00+00:00,2025-12-23T21:09:00+00:00,long,279.030000,orb,1.0814,0.7674,23.2500,16.5000,,
2025-12-24T15:09:00+00:00,2025-12-24T17:09:00+00:00,long,256.5300000,orb,2.1739,0.0652,25.0000,0.7500,,
2025-12-26T15:14:00+00:00,2025-12-26T21:09:00+00:00,short,-42.960000,orb,0.3768,0.6522,6.5000,11.2500,,
2025-12-29T15:09:00+00:00,2025-12-29T21:09:00+00:00,short,-129.720000,orb,0.4651,0.7674,10.0000,16.5000,,
2025-12-30T14:49:00+00:00,2025-12-30T15:14:00+00:00,long,-385.920000,orb,0.5405,1.3784,5.0000,12.7500,,
2025-12-31T14:49:00+00:00,2025-12-31T20:24:00+00:00,short,279.7700000,orb,2.04,0.48,38.2500,9.0000,,
2026-01-02T14:54:00+00:00,2026-01-02T15:14:00+00:00,long,-320.970000,orb,0.3214,1.0357,6.7500,21.7500,,
2026-01-05T15:09:00+00:00,2026-01-05T21:09:00+00:00,long,-28.700000,orb,1.3462,0.4615,17.5000,6.0000,,
2026-01-06T14:49:00+00:00,2026-01-06T18:49:00+00:00,long,223.5200000,orb,2.05,0.6833,30.7500,10.2500,,
2026-01-07T15:14:00+00:00,2026-01-07T16:04:00+00:00,short,-379.440000,orb,0.5306,1.0204,6.5000,12.5000,,
2026-01-08T15:09:00+00:00,2026-01-08T21:09:00+00:00,long,5.280000,orb,0.3778,0.6556,8.5000,14.7500,,
2026-01-09T15:09:00+00:00,2026-01-09T15:24:00+00:00,short,-278.980000,orb,0.0273,1.1182,0.7500,30.7500,,
2026-01-12T14:54:00+00:00,2026-01-12T21:09:00+00:00,long,176.020000,orb,0.9397,0.1724,27.2500,5.0000,,
2026-01-13T14:49:00+00:00,2026-01-13T15:19:00+00:00,short,197.2700000,orb,2.0566,0.2453,27.2500,3.2500,,
2026-01-14T14:59:00+00:00,2026-01-14T21:09:00+00:00,short,-128.980000,orb,0.8443,0.7295,25.7500,22.2500,,
2026-01-15T15:49:00+00:00,2026-01-15T16:04:00+00:00,short,-378.700000,orb,0.1525,1.1356,2.2500,16.7500,,
2026-01-16T14:54:00+00:00,2026-01-16T15:39:00+00:00,short,208.5200000,orb,1.9643,0.0357,27.5000,0.5000,,
2026-01-19T14:59:00+00:00,2026-01-20T06:29:00+00:00,long,-349.440000,orb,1.4889,1.2889,16.7500,14.5000,,
2026-01-20T15:09:00+00:00,2026-01-20T15:24:00+00:00,short,-335.970000,orb,0.0795,1.0568,1.7500,23.2500,,
2026-01-21T14:49:00+00:00,2026-01-21T15:39:00+00:00,long,166.1350000,orb,1.8315,0.1236,40.7500,2.7500,,
2026-01-22T14:49:00+00:00,2026-01-22T17:34:00+00:00,short,-291.480000,orb,0.3478,1.0696,10.0000,30.7500,,
2026-01-23T14:59:00+00:00,2026-01-23T21:09:00+00:00,long,-62.960000,orb,1.3134,0.6567,22.0000,11.0000,,
2026-01-26T14:54:00+00:00,2026-01-26T21:09:00+00:00,long,6.020000,orb,0.6961,0.2647,17.7500,6.7500,,
2026-01-27T14:49:00+00:00,2026-01-27T15:44:00+00:00,long,211.5300000,orb,2.1579,0.0526,20.5000,0.5000,,
2026-01-28T15:09:00+00:00,2026-01-28T16:44:00+00:00,short,250.9050000,orb,3.6444,0.4444,41.0000,5.0000,,
2026-01-29T14:54:00+00:00,2026-01-29T21:09:00+00:00,short,-53.240000,orb,2.0184,0.454,82.2500,18.5000,,
2026-01-30T16:19:00+00:00,2026-01-30T21:09:00+00:00,short,-11.480000,orb,1.486,0.6822,39.7500,18.2500,,
2026-02-02T14:49:00+00:00,2026-02-02T21:09:00+00:00,long,291.020000,orb,1.15,0.2,40.2500,7.0000,,
2026-02-03T14:59:00+00:00,2026-02-03T17:34:00+00:00,short,265.5100000,orb,2.5986,0.0845,92.2500,3.0000,,
2026-02-04T14:59:00+00:00,2026-02-04T17:29:00+00:00,short,228.0100000,orb,2.1393,0.8934,65.2500,27.2500,,
2026-02-05T15:14:00+00:00,2026-02-05T21:09:00+00:00,short,8.010000,orb,0.1832,0.8893,12.0000,58.2500,,
2026-02-06T15:29:00+00:00,2026-02-06T21:09:00+00:00,long,234.260000,orb,1.3834,0.2798,66.7500,13.5000,,
2026-02-09T15:09:00+00:00,2026-02-09T21:09:00+00:00,long,263.520000,orb,1.303,0.1439,43.0000,4.7500,,
2026-02-10T14:59:00+00:00,2026-02-10T18:29:00+00:00,long,-350.970000,orb,0.3587,1.0435,8.2500,24.0000,,
2026-02-11T14:54:00+00:00,2026-02-11T15:14:00+00:00,short,151.1350000,orb,2.8765,0.1852,58.2500,3.7500,,
2026-02-12T14:49:00+00:00,2026-02-12T15:54:00+00:00,short,154.8850000,orb,2.6024,0.3494,54.0000,7.2500,,
2026-02-13T15:29:00+00:00,2026-02-13T21:09:00+00:00,long,-88.240000,orb,0.5991,0.5721,33.2500,31.7500,,
2026-02-16T15:04:00+00:00,2026-02-16T15:34:00+00:00,long,-384.950000,orb,0.0667,1.2333,1.0000,18.5000,,
2026-02-17T14:54:00+00:00,2026-02-17T16:19:00+00:00,short,-253.240000,orb,0.408,1.0398,20.5000,52.2500,,
2026-02-18T14:59:00+00:00,2026-02-18T21:09:00+00:00,long,-46.480000,orb,0.8824,0.6838,30.0000,23.2500,,
2026-02-19T14:54:00+00:00,2026-02-19T17:49:00+00:00,long,-365.970000,orb,0.5521,1.0521,13.2500,25.2500,,
2026-02-20T15:04:00+00:00,2026-02-20T21:09:00+00:00,long,130.510000,orb,0.5849,0.5566,31.0000,29.5000,,
2026-02-23T14:49:00+00:00,2026-02-23T15:59:00+00:00,short,235.5100000,orb,2.0873,0.4048,65.7500,12.7500,,
2026-02-24T14:49:00+00:00,2026-02-24T21:09:00+00:00,long,108.010000,orb,0.7056,0.5939,34.7500,29.2500,,
2026-02-25T14:49:00+00:00,2026-02-25T21:09:00+00:00,long,322.040000,orb,1.2344,0.9844,19.7500,15.7500,,
2026-02-26T14:59:00+00:00,2026-02-26T15:19:00+00:00,short,199.8850000,orb,2.3738,0.1495,63.5000,4.0000,,
2026-02-27T15:09:00+00:00,2026-02-27T21:09:00+00:00,long,108.520000,orb,0.6992,0.5691,21.5000,17.5000,,
2026-03-02T14:49:00+00:00,2026-03-02T21:09:00+00:00,long,114.260000,orb,1.0481,0.2644,54.5000,13.7500,,
2026-03-03T14:49:00+00:00,2026-03-03T16:49:00+00:00,short,-235.740000,orb,0.6043,1.2995,28.2500,60.7500,,
2026-03-04T15:19:00+00:00,2026-03-04T21:09:00+00:00,long,44.260000,orb,0.5955,0.1404,26.5000,6.2500,,
2026-03-05T14:59:00+00:00,2026-03-05T15:24:00+00:00,long,-331.480000,orb,0.1374,1.2595,4.5000,41.2500,,
2026-03-06T15:29:00+00:00,2026-03-06T21:09:00+00:00,long,-266.480000,orb,0.5364,0.8212,20.2500,31.0000,,
2026-03-09T13:54:00+00:00,2026-03-09T14:49:00+00:00,short,-225.740000,orb,0.1732,1.0391,7.7500,46.5000,,
2026-03-10T14:09:00+00:00,2026-03-10T14:34:00+00:00,short,-199.490000,orb,0.019,1.0949,0.7500,43.2500,,
2026-03-11T13:49:00+00:00,2026-03-11T14:04:00+00:00,short,-367.960000,orb,0.3194,1.9028,5.7500,34.2500,,
2026-03-12T13:54:00+00:00,2026-03-12T20:09:00+00:00,short,266.020000,orb,1.2,0.9048,31.5000,23.7500,,
2026-03-13T14:14:00+00:00,2026-03-13T15:39:00+00:00,short,233.6350000,orb,2.408,0.456,75.2500,14.2500,,
2026-03-16T13:49:00+00:00,2026-03-16T14:54:00+00:00,long,-354.720000,orb,0.6022,1.0645,14.0000,24.7500,,
2026-03-17T13:49:00+00:00,2026-03-17T14:19:00+00:00,long,-358.470000,orb,0.0,1.1702,0,27.5000,,
2026-03-18T14:14:00+00:00,2026-03-18T18:54:00+00:00,short,183.0100000,orb,2.7143,0.3776,66.5000,9.2500,,
2026-03-19T13:49:00+00:00,2026-03-19T19:09:00+00:00,long,211.1350000,orb,1.8319,0.8496,51.7500,24.0000,,
2026-03-20T13:54:00+00:00,2026-03-20T14:54:00+00:00,short,162.3850000,orb,2.6782,0.1034,58.2500,2.2500,,
2026-03-23T13:59:00+00:00,2026-03-23T15:59:00+00:00,long,-213.240000,orb,0.574,1.0651,24.2500,45.0000,,
2026-03-24T14:09:00+00:00,2026-03-24T20:09:00+00:00,long,-26.480000,orb,1.0069,0.5278,36.2500,19.0000,,
2026-03-25T13:49:00+00:00,2026-03-25T20:09:00+00:00,short,111.020000,orb,1.1587,0.5238,36.5000,16.5000,,
2026-03-26T13:49:00+00:00,2026-03-26T16:19:00+00:00,long,-276.480000,orb,0.5413,1.3486,14.7500,36.7500,,
2026-03-27T13:59:00+00:00,2026-03-27T19:49:00+00:00,short,278.6350000,orb,1.6107,0.8591,60.0000,32.0000,,
2026-03-30T13:49:00+00:00,2026-03-30T20:09:00+00:00,short,238.010000,orb,1.593,0.6453,68.5000,27.7500,,
2026-03-31T13:49:00+00:00,2026-03-31T14:59:00+00:00,long,-358.980000,orb,0.3099,1.1056,11.0000,39.2500,,
2026-04-01T13:49:00+00:00,2026-04-01T14:39:00+00:00,short,-286.480000,orb,0.0708,1.1062,2.0000,31.2500,,
2026-04-02T13:54:00+00:00,2026-04-02T14:39:00+00:00,long,265.5100000,orb,2.662,0.0845,94.5000,3.0000,,
2026-04-06T13:59:00+00:00,2026-04-06T20:09:00+00:00,long,-16.480000,orb,0.3651,0.9762,11.5000,30.7500,,
2026-04-07T13:49:00+00:00,2026-04-07T17:39:00+00:00,short,-313.980000,orb,1.129,1.25,35.0000,38.7500,,
2026-04-08T13:54:00+00:00,2026-04-08T20:09:00+00:00,short,-146.480000,orb,0.8678,0.8264,26.2500,25.0000,,
2026-04-09T14:19:00+00:00,2026-04-09T15:14:00+00:00,short,-347.450000,orb,0.463,1.037,6.2500,14.0000,,
2026-04-10T15:24:00+00:00,2026-04-10T15:39:00+00:00,long,-391.200000,orb,0.0,1.082,0,16.5000,,
2026-04-13T13:49:00+00:00,2026-04-13T16:39:00+00:00,long,169.8850000,orb,2.5385,0.3626,57.7500,8.2500,,
2026-04-14T14:09:00+00:00,2026-04-14T20:09:00+00:00,long,351.020000,orb,1.4867,0.0973,42.0000,2.7500,,
2026-04-15T14:24:00+00:00,2026-04-15T20:09:00+00:00,long,402.780000,orb,1.4845,0.3814,36.0000,9.2500,,
2026-04-16T13:54:00+00:00,2026-04-16T15:14:00+00:00,short,-380.970000,orb,0.09,1.09,2.2500,27.2500,,
2026-04-17T13:54:00+00:00,2026-04-17T14:39:00+00:00,long,268.5200000,orb,2.5972,0.1389,46.7500,2.5000,,
2026-04-20T13:59:00+00:00,2026-04-20T14:44:00+00:00,long,-372.450000,orb,0.0345,1.2069,0.5000,17.5000,,
2026-04-21T13:54:00+00:00,2026-04-21T14:54:00+00:00,long,-392.960000,orb,0.3117,1.0779,6.0000,20.7500,,
2026-04-22T13:59:00+00:00,2026-04-22T19:54:00+00:00,long,267.7800000,orb,1.6667,0.5625,20.0000,6.7500,,
2026-04-23T13:49:00+00:00,2026-04-23T14:04:00+00:00,long,-362.960000,orb,0.0141,1.0563,0.2500,18.7500,,
2026-04-24T13:54:00+00:00,2026-04-24T14:44:00+00:00,short,-337.960000,orb,0.303,1.0,5.0000,16.5000,,
2026-04-27T15:19:00+00:00,2026-04-27T17:04:00+00:00,short,-403.700000,orb,0.3492,1.0159,5.5000,16.0000,,
2026-04-28T14:39:00+00:00,2026-04-28T20:09:00+00:00,short,-201.480000,orb,0.2807,0.7719,8.0000,22.0000,,
2026-04-29T14:24:00+00:00,2026-04-29T15:54:00+00:00,long,-366.200000,orb,0.5789,1.5263,8.2500,21.7500,,
2026-04-30T13:59:00+00:00,2026-04-30T15:34:00+00:00,short,-358.980000,orb,0.2183,1.0704,7.7500,38.0000,,
2026-05-01T13:59:00+00:00,2026-05-01T18:49:00+00:00,long,-348.980000,orb,0.2101,1.0,7.2500,34.5000,,
2026-05-04T13:49:00+00:00,2026-05-04T15:19:00+00:00,long,-356.940000,orb,1.4783,1.6304,17.0000,18.7500,,
2026-05-05T13:59:00+00:00,2026-05-05T17:59:00+00:00,long,239.6550000,orb,2.2791,0.7907,24.5000,8.5000,,
2026-05-06T13:54:00+00:00,2026-05-06T15:04:00+00:00,long,279.7700000,orb,2.64,0.5333,49.5000,10.0000,,
2026-05-07T13:49:00+00:00,2026-05-07T14:39:00+00:00,short,-384.950000,orb,0.0833,1.0167,1.2500,15.2500,,
2026-05-08T13:49:00+00:00,2026-05-08T20:09:00+00:00,long,352.550000,orb,1.2698,0.1587,20.0000,2.5000,,
2026-05-11T13:49:00+00:00,2026-05-11T20:09:00+00:00,long,5.280000,orb,0.8737,0.5263,20.7500,12.5000,,
2026-05-12T13:59:00+00:00,2026-05-12T15:29:00+00:00,short,158.6350000,orb,1.5412,0.6,32.7500,12.7500,,
2026-05-13T13:49:00+00:00,2026-05-13T14:24:00+00:00,short,-328.470000,orb,0.1744,1.0,3.7500,21.5000,,
2026-05-14T13:49:00+00:00,2026-05-14T15:59:00+00:00,long,160.5100000,orb,1.7907,0.7326,38.5000,15.7500,,
2026-05-15T17:24:00+00:00,2026-05-15T19:59:00+00:00,long,-391.480000,orb,0.2516,1.0065,9.7500,39.0000,,
2026-05-18T13:54:00+00:00,2026-05-18T14:34:00+00:00,long,-298.980000,orb,0.1695,1.2797,5.0000,37.7500,,
2026-05-19T13:54:00+00:00,2026-05-19T14:09:00+00:00,long,-358.470000,orb,0.2021,1.2766,4.7500,30.0000,,
2026-05-20T14:19:00+00:00,2026-05-20T15:19:00+00:00,long,229.8850000,orb,1.5041,0.2764,46.2500,8.5000,,
2026-05-21T13:54:00+00:00,2026-05-21T14:24:00+00:00,long,-339.720000,orb,0.4494,1.0,10.0000,22.2500,,
2026-05-22T14:14:00+00:00,2026-05-22T17:29:00+00:00,short,-268.980000,orb,0.4057,1.2453,10.7500,33.0000,,
2026-05-25T14:34:00+00:00,2026-05-25T15:14:00+00:00,short,-389.160000,orb,0.2727,1.6061,2.2500,13.2500,,
2026-05-26T13:49:00+00:00,2026-05-26T15:39:00+00:00,long,-377.960000,orb,0.6216,1.0,11.5000,18.5000,,
2026-05-27T15:19:00+00:00,2026-05-27T20:09:00+00:00,short,-272.220000,orb,0.4419,0.9651,9.5000,20.7500,,
2026-05-28T14:09:00+00:00,2026-05-28T14:14:00+00:00,long,219.7700000,orb,2.2881,0.3559,33.7500,5.2500,,
2026-05-29T13:49:00+00:00,2026-05-29T14:39:00+00:00,long,-309.720000,orb,0.2099,1.0123,4.2500,20.5000,,
