entry_ts,exit_ts,side,pnl_usd,engine_type,r_mfe,r_mae,mfe_pts,mae_pts,displacement_ts
2026-01-02T11:24:00+00:00,2026-01-02T14:24:00+00:00,short,1215.610000,ifvg,2.6629,0.3483,59.2500,7.7500,2026-01-02T10:54:00+00:00
2026-01-02T14:49:00+00:00,2026-01-02T15:14:00+00:00,long,-468.48000,orb,0.4185,1.3863,48.7500,161.5000,
2026-01-02T15:19:00+00:00,2026-01-02T21:09:00+00:00,short,350.76000,ifvg,1.7825,0.1588,311.5000,27.7500,2026-01-02T08:04:00+00:00
2026-01-05T05:14:00+00:00,2026-01-05T05:34:00+00:00,short,-517.32000,ifvg,0.3273,1.0364,4.5000,14.2500,2026-01-05T04:54:00+00:00
2026-01-05T06:34:00+00:00,2026-01-05T06:49:00+00:00,short,-497.12000,ifvg,0.1486,1.4054,2.7500,26.0000,2026-01-05T06:04:00+00:00
2026-01-05T11:34:00+00:00,2026-01-05T11:39:00+00:00,short,-506.10000,ifvg,0.0,1.0,0,16.2500,2026-01-05T11:24:00+00:00
2026-01-05T13:39:00+00:00,2026-01-05T14:29:00+00:00,long,1184.820000,ifvg,2.6618,0.4485,90.5000,15.2500,2026-01-05T13:29:00+00:00
2026-01-05T15:29:00+00:00,2026-01-05T20:59:00+00:00,long,-174.24000,orb,0.2584,0.9201,34.7500,123.7500,
2026-01-06T14:49:00+00:00,2026-01-06T21:09:00+00:00,long,443.52000,orb,1.239,0.6976,127.0000,71.5000,
2026-01-07T05:49:00+00:00,2026-01-07T14:34:00+00:00,short,-454.44000,ifvg,1.4295,1.1409,53.2500,42.5000,2026-01-07T05:39:00+00:00
2026-01-07T15:29:00+00:00,2026-01-07T21:09:00+00:00,long,-166.48000,orb,1.3499,0.5875,129.2500,56.2500,
2026-01-08T08:54:00+00:00,2026-01-08T13:24:00+00:00,short,-512.88000,ifvg,2.3494,1.0964,48.7500,22.7500,2026-01-08T08:39:00+00:00
2026-01-08T14:59:00+00:00,2026-01-08T15:14:00+00:00,short,-150.24000,orb,0.1702,0.3955,34.0000,79.0000,
2026-01-08T15:14:00+00:00,2026-01-08T15:54:00+00:00,long,-430.96000,ifvg,0.6714,1.2207,35.7500,65.0000,2026-01-08T15:04:00+00:00
2026-01-08T18:24:00+00:00,2026-01-08T21:09:00+00:00,long,255.78000,ifvg,0.6687,0.6656,53.5000,53.2500,2026-01-08T18:14:00+00:00
2026-01-09T07:44:00+00:00,2026-01-09T09:34:00+00:00,long,1179.180000,ifvg,3.5283,0.6981,46.7500,9.2500,2026-01-09T07:34:00+00:00
2026-01-09T12:54:00+00:00,2026-01-09T13:59:00+00:00,long,1208.340000,ifvg,2.5,0.5,67.5000,13.5000,2026-01-09T12:24:00+00:00
2026-01-09T14:44:00+00:00,2026-01-09T15:09:00+00:00,long,-432.48000,ifvg,0.1651,1.2698,17.7500,136.5000,2026-01-09T14:24:00+00:00
2026-01-09T15:09:00+00:00,2026-01-09T15:24:00+00:00,short,-297.24000,orb,0.0186,1.1639,2.7500,172.2500,
2026-01-09T15:34:00+00:00,2026-01-09T15:49:00+00:00,long,-186.24000,ifvg,0.0248,0.4684,5.5000,103.7500,2026-01-08T02:19:00+00:00
2026-01-09T15:49:00+00:00,2026-01-09T16:04:00+00:00,short,-410.22000,ifvg,0.1292,1.2103,8.7500,82.0000,2026-01-09T15:34:00+00:00
2026-01-09T18:44:00+00:00,2026-01-09T21:09:00+00:00,long,-15.48000,ifvg,0.4577,0.1517,46.0000,15.2500,2026-01-07T19:14:00+00:00
2026-01-12T08:19:00+00:00,2026-01-12T08:34:00+00:00,short,1232.140000,ifvg,2.7183,0.0,48.2500,0,2026-01-12T08:09:00+00:00
2026-01-12T14:54:00+00:00,2026-01-12T21:09:00+00:00,long,591.04000,orb,0.8358,0.204,126.0000,30.7500,
2026-01-13T07:19:00+00:00,2026-01-13T08:39:00+00:00,long,563.86000,ifvg,0.1454,0.3656,8.2500,20.7500,2026-01-13T07:04:00+00:00
2026-01-13T09:49:00+00:00,2026-01-13T13:34:00+00:00,short,-512.68000,ifvg,1.1382,4.5528,35.0000,140.0000,2026-01-13T09:09:00+00:00
2026-01-13T13:39:00+00:00,2026-01-13T15:04:00+00:00,long,-430.96000,ifvg,1.1315,1.6854,60.2500,89.7500,2026-01-13T09:44:00+00:00
2026-01-13T15:04:00+00:00,2026-01-13T21:09:00+00:00,short,63.52000,orb,1.1126,0.8521,126.0000,96.5000,
2026-01-14T01:39:00+00:00,2026-01-14T03:34:00+00:00,short,-515.84000,ifvg,1.9032,1.2581,29.5000,19.5000,2026-01-14T01:24:00+00:00
2026-01-14T18:39:00+00:00,2026-01-14T20:09:00+00:00,short,-278.24000,ifvg,0.0126,1.1588,1.7500,160.5000,2026-01-14T18:09:00+00:00
2026-01-14T20:19:00+00:00,2026-01-14T21:09:00+00:00,long,166.76000,ifvg,0.8778,0.0907,118.5000,12.2500,2026-01-14T16:44:00+00:00
2026-01-15T01:09:00+00:00,2026-01-15T01:34:00+00:00,long,-411.72000,ifvg,0.0846,1.0331,5.7500,70.2500,2026-01-14T21:59:00+00:00
2026-01-15T08:14:00+00:00,2026-01-15T15:44:00+00:00,long,525.52000,ifvg,2.2899,0.1523,233.0000,15.5000,2026-01-15T07:04:00+00:00
2026-01-15T15:44:00+00:00,2026-01-15T16:04:00+00:00,short,-249.48000,orb,0.5106,0.6614,48.2500,62.5000,
2026-01-15T16:04:00+00:00,2026-01-15T17:34:00+00:00,long,-493.70000,ifvg,0.5026,1.0154,24.5000,49.5000,2026-01-15T15:54:00+00:00
2026-01-16T07:49:00+00:00,2026-01-16T08:04:00+00:00,long,35.86000,ifvg,0.427,0.573,9.5000,12.7500,2026-01-16T07:39:00+00:00
2026-01-16T08:04:00+00:00,2026-01-16T08:44:00+00:00,short,1228.160000,ifvg,2.7258,0.371,42.2500,5.7500,2026-01-16T07:54:00+00:00
2026-01-16T08:59:00+00:00,2026-01-16T12:59:00+00:00,long,180.32000,ifvg,1.6767,0.3534,55.7500,11.7500,2026-01-16T08:29:00+00:00
2026-01-16T12:59:00+00:00,2026-01-16T14:29:00+00:00,short,-508.44000,ifvg,0.6886,1.1317,28.7500,47.2500,2026-01-16T12:44:00+00:00
2026-01-16T19:19:00+00:00,2026-01-16T19:39:00+00:00,short,-517.92000,ifvg,0.1811,1.063,5.7500,33.7500,2026-01-16T19:09:00+00:00
2026-01-19T00:44:00+00:00,2026-01-19T01:59:00+00:00,long,-506.20000,ifvg,0.29,1.02,14.5000,51.0000,2026-01-19T00:24:00+00:00
2026-01-19T05:29:00+00:00,2026-01-19T07:04:00+00:00,long,-457.44000,ifvg,0.1,1.2467,3.7500,46.7500,2026-01-19T03:29:00+00:00
2026-01-19T07:54:00+00:00,2026-01-19T08:39:00+00:00,long,1192.600000,ifvg,2.6042,0.5208,62.5000,12.5000,2026-01-19T07:44:00+00:00
2026-01-19T14:59:00+00:00,2026-01-19T16:29:00+00:00,long,196.30000,ifvg,1.401,0.6094,67.2500,29.2500,2026-01-19T14:39:00+00:00
2026-01-19T16:29:00+00:00,2026-01-19T16:39:00+00:00,short,-515.16000,ifvg,0.0714,1.4107,2.0000,39.5000,2026-01-19T16:19:00+00:00
2026-01-20T00:44:00+00:00,2026-01-20T00:59:00+00:00,long,-496.44000,ifvg,0.1104,1.1902,4.5000,48.5000,2026-01-20T00:14:00+00:00
2026-01-20T02:39:00+00:00,2026-01-20T05:44:00+00:00,long,-166.48000,ifvg,0.1417,0.6337,13.2500,59.2500,2026-01-20T02:24:00+00:00
2026-01-20T05:44:00+00:00,2026-01-20T06:34:00+00:00,short,1188.060000,ifvg,2.8302,0.3585,112.5000,14.2500,2026-01-20T05:34:00+00:00
2026-01-20T12:24:00+00:00,2026-01-20T12:44:00+00:00,short,-463.44000,ifvg,0.2763,1.1447,10.5000,43.5000,2026-01-20T12:14:00+00:00
2026-01-20T15:29:00+00:00,2026-01-20T18:34:00+00:00,long,-512.48000,orb,0.5353,1.1196,68.2500,142.7500,
2026-01-21T09:09:00+00:00,2026-01-21T09:49:00+00:00,long,-463.68000,ifvg,0.6,1.4692,19.5000,47.7500,2026-01-21T08:59:00+00:00
2026-01-21T14:49:00+00:00,2026-01-21T18:09:00+00:00,long,-187.48000,orb,2.3857,0.8684,258.2500,94.0000,
2026-01-21T18:09:00+00:00,2026-01-21T19:34:00+00:00,short,-580.24000,ifvg,0.0207,1.0225,6.0000,296.0000,2026-01-21T17:59:00+00:00
2026-01-21T23:09:00+00:00,2026-01-22T06:14:00+00:00,long,-444.72000,ifvg,0.5408,1.0374,39.7500,76.2500,2026-01-21T21:34:00+00:00
2026-01-22T14:49:00+00:00,2026-01-22T19:09:00+00:00,short,-246.74000,orb,0.2424,0.949,38.0000,148.7500,
2026-01-22T19:09:00+00:00,2026-01-22T19:59:00+00:00,long,-438.70000,ifvg,0.4046,1.474,17.5000,63.7500,2026-01-22T18:59:00+00:00
2026-01-23T16:44:00+00:00,2026-01-23T21:09:00+00:00,long,194.52000,ifvg,0.0616,0.5164,15.5000,130.0000,2026-01-23T16:34:00+00:00
2026-01-26T06:39:00+00:00,2026-01-26T06:54:00+00:00,short,-472.36000,ifvg,0.7231,1.0923,11.7500,17.7500,2026-01-26T06:24:00+00:00
2026-01-26T10:04:00+00:00,2026-01-26T12:09:00+00:00,long,1184.820000,ifvg,2.5368,0.3162,86.2500,10.7500,2026-01-26T09:54:00+00:00
2026-01-26T13:54:00+00:00,2026-01-26T14:44:00+00:00,long,1165.560000,ifvg,3.0705,0.1218,119.7500,4.7500,2026-01-26T13:44:00+00:00
2026-01-26T14:59:00+00:00,2026-01-26T21:09:00+00:00,long,22.26000,orb,0.7444,0.2594,99.0000,34.5000,
2026-01-27T03:44:00+00:00,2026-01-27T07:54:00+00:00,long,189.78000,ifvg,0.8571,0.1165,57.0000,7.7500,2026-01-27T03:34:00+00:00
2026-01-27T07:54:00+00:00,2026-01-27T10:09:00+00:00,short,382.36000,ifvg,1.5934,0.3736,36.2500,8.5000,2026-01-27T07:44:00+00:00
2026-01-27T10:09:00+00:00,2026-01-27T11:39:00+00:00,long,1188.900000,ifvg,3.0,0.2969,48.0000,4.7500,2026-01-27T09:59:00+00:00
2026-01-27T14:44:00+00:00,2026-01-27T14:54:00+00:00,short,-440.22000,ifvg,0.0069,1.0893,0.5000,79.2500,2026-01-27T02:44:00+00:00
2026-01-27T14:59:00+00:00,2026-01-27T21:09:00+00:00,long,155.52000,ifvg,0.5283,0.2783,60.7500,32.0000,2026-01-27T12:09:00+00:00
2026-01-28T04:09:00+00:00,2026-01-28T06:04:00+00:00,long,1269.180000,ifvg,5.7193,0.4737,81.5000,6.7500,2026-01-28T03:49:00+00:00
2026-01-28T07:49:00+00:00,2026-01-28T14:19:00+00:00,long,-497.22000,ifvg,0.1429,1.0365,11.7500,85.2500,2026-01-28T07:34:00+00:00
2026-01-28T14:29:00+00:00,2026-01-28T14:34:00+00:00,long,-500.88000,ifvg,1.716,1.1481,34.7500,23.2500,2026-01-28T14:19:00+00:00
2026-01-28T20:04:00+00:00,2026-01-28T21:04:00+00:00,short,1221.300000,ifvg,3.8673,0.602,189.5000,29.5000,2026-01-28T19:54:00+00:00
2026-01-28T23:19:00+00:00,2026-01-29T08:19:00+00:00,short,-438.72000,ifvg,1.3707,0.8707,119.2500,75.7500,2026-01-28T21:29:00+00:00
2026-01-29T08:19:00+00:00,2026-01-29T08:29:00+00:00,long,-510.66000,ifvg,0.027,1.0,0.7500,27.7500,2026-01-29T08:09:00+00:00
2026-01-29T19:39:00+00:00,2026-01-29T20:39:00+00:00,short,-481.20000,ifvg,0.3526,1.4947,16.7500,71.0000,2026-01-29T19:14:00+00:00
2026-01-30T09:19:00+00:00,2026-01-30T11:04:00+00:00,short,-471.72000,ifvg,0.9583,1.0128,74.7500,79.0000,2026-01-30T08:54:00+00:00
2026-01-30T15:29:00+00:00,2026-01-30T15:44:00+00:00,short,-201.24000,orb,0.1575,0.8134,23.0000,118.7500,
2026-01-30T15:44:00+00:00,2026-01-30T16:19:00+00:00,long,-396.48000,ifvg,0.4061,1.1777,40.0000,116.0000,2026-01-30T15:34:00+00:00
2026-01-30T18:34:00+00:00,2026-01-30T21:09:00+00:00,long,115.52000,ifvg,1.8556,0.3517,176.7500,33.5000,2026-01-30T18:24:00+00:00
2026-02-02T14:49:00+00:00,2026-02-02T21:09:00+00:00,long,292.26000,orb,0.9927,0.0827,204.0000,17.0000,
2026-02-03T05:29:00+00:00,2026-02-03T13:29:00+00:00,long,131.28000,ifvg,0.8935,0.692,58.7500,45.5000,2026-02-03T05:09:00+00:00
2026-02-03T13:29:00+00:00,2026-02-03T14:19:00+00:00,short,1191.120000,ifvg,2.6375,0.4125,52.7500,8.2500,2026-02-03T13:14:00+00:00
2026-02-03T14:54:00+00:00,2026-02-03T21:09:00+00:00,short,540.76000,orb,2.1595,0.0366,501.0000,8.5000,
2026-02-04T01:09:00+00:00,2026-02-04T09:24:00+00:00,long,-432.96000,ifvg,1.8411,1.028,98.5000,55.0000,2026-02-04T00:49:00+00:00
2026-02-04T15:04:00+00:00,2026-02-04T21:09:00+00:00,short,337.26000,ifvg,1.5488,0.6656,364.7500,156.7500,2026-02-02T07:04:00+00:00
2026-02-05T01:29:00+00:00,2026-02-05T02:14:00+00:00,short,1096.300000,ifvg,2.625,0.608,115.5000,26.7500,2026-02-05T01:14:00+00:00
2026-02-05T15:14:00+00:00,2026-02-05T16:59:00+00:00,short,-299.24000,orb,0.0432,0.8718,16.2500,328.0000,
2026-02-05T23:34:00+00:00,2026-02-05T23:54:00+00:00,long,-518.96000,ifvg,0.07,1.358,4.5000,87.2500,2026-02-05T23:24:00+00:00
2026-02-06T06:44:00+00:00,2026-02-06T09:09:00+00:00,short,-460.96000,ifvg,1.1667,1.2237,66.5000,69.7500,2026-02-06T05:59:00+00:00
2026-02-06T19:29:00+00:00,2026-02-06T21:09:00+00:00,long,398.26000,ifvg,1.0736,0.4828,116.7500,52.5000,2026-02-06T19:19:00+00:00
2026-02-09T14:49:00+00:00,2026-02-09T21:09:00+00:00,long,420.26000,orb,1.1822,0.3702,256.2500,80.2500,
2026-02-09T23:19:00+00:00,2026-02-10T01:44:00+00:00,short,187.04000,ifvg,1.0558,0.3023,56.7500,16.2500,2026-02-09T23:09:00+00:00
2026-02-10T01:44:00+00:00,2026-02-10T02:14:00+00:00,long,-536.88000,ifvg,0.8736,1.1034,19.0000,24.0000,2026-02-10T01:34:00+00:00
2026-02-10T05:39:00+00:00,2026-02-10T06:39:00+00:00,long,-508.70000,ifvg,0.204,1.01,10.2500,50.7500,2026-02-10T05:29:00+00:00
2026-02-10T12:44:00+00:00,2026-02-10T12:59:00+00:00,short,1283.670000,ifvg,2.541,0.0164,38.7500,0.2500,2026-02-10T12:34:00+00:00
2026-02-10T15:09:00+00:00,2026-02-10T18:29:00+00:00,long,-375.48000,orb,0.0723,1.028,12.2500,174.2500,
2026-02-11T03:34:00+00:00,2026-02-11T05:44:00+00:00,long,-549.92000,ifvg,0.7556,1.0444,25.5000,35.2500,2026-02-11T03:09:00+00:00
2026-02-11T07:19:00+00:00,2026-02-11T13:34:00+00:00,short,-428.22000,ifvg,1.7102,1.4205,121.0000,100.5000,2026-02-10T23:09:00+00:00
2026-02-11T14:59:00+00:00,2026-02-11T15:59:00+00:00,short,120.76000,orb,1.5422,0.2391,246.7500,38.2500,
2026-02-11T15:59:00+00:00,2026-02-11T16:34:00+00:00,long,-84.24000,ifvg,0.172,0.3874,30.7500,69.2500,2026-02-11T15:19:00+00:00
2026-02-11T16:34:00+00:00,2026-02-11T17:14:00+00:00,short,-21.24000,ifvg,0.2447,0.2185,60.7500,54.2500,2026-02-11T16:19:00+00:00
2026-02-11T17:14:00+00:00,2026-02-11T21:09:00+00:00,long,128.76000,ifvg,1.0649,0.1081,147.7500,15.0000,2026-02-11T17:04:00+00:00
2026-02-12T04:39:00+00:00,2026-02-12T05:04:00+00:00,short,-554.80000,ifvg,0.3962,1.1509,5.2500,15.2500,2026-02-12T04:29:00+00:00
2026-02-12T10:19:00+00:00,2026-02-12T11:24:00+00:00,short,-535.36000,ifvg,0.6757,1.1081,12.5000,20.5000,2026-02-12T10:09:00+00:00
2026-02-12T13:39:00+00:00,2026-02-12T14:29:00+00:00,long,-523.18000,ifvg,0.9524,1.0544,35.0000,38.7500,2026-02-12T13:09:00+00:00
2026-02-12T14:49:00+00:00,2026-02-12T16:19:00+00:00,short,704.260000,orb,2.594,0.289,365.7500,40.7500,
2026-02-13T01:09:00+00:00,2026-02-13T03:59:00+00:00,long,-462.96000,ifvg,0.4236,1.0961,24.2500,62.7500,2026-02-13T00:49:00+00:00
2026-02-13T09:09:00+00:00,2026-02-13T09:24:00+00:00,short,-420.72000,ifvg,0.2552,1.1241,9.2500,40.7500,2026-02-13T08:54:00+00:00
2026-02-13T15:09:00+00:00,2026-02-13T21:09:00+00:00,long,-36.24000,orb,0.8573,0.3802,192.2500,85.2500,
2026-02-16T15:04:00+00:00,2026-02-16T15:29:00+00:00,long,-456.72000,orb,0.1358,1.0265,10.2500,77.5000,
2026-02-17T08:39:00+00:00,2026-02-17T13:29:00+00:00,short,269.28000,ifvg,2.0076,0.7121,132.5000,47.0000,2026-02-17T08:09:00+00:00
2026-02-17T13:29:00+00:00,2026-02-17T14:34:00+00:00,long,1017.040000,ifvg,3.1078,0.5539,158.5000,28.2500,2026-02-17T13:14:00+00:00
2026-02-17T14:59:00+00:00,2026-02-17T15:24:00+00:00,short,-26.74000,ifvg,0.0909,0.608,23.2500,155.5000,2026-02-17T13:29:00+00:00
2026-02-17T15:29:00+00:00,2026-02-17T21:09:00+00:00,long,488.76000,ifvg,2.238,0.4853,362.0000,78.5000,2026-02-17T14:59:00+00:00
2026-02-18T12:39:00+00:00,2026-02-18T14:54:00+00:00,short,-77.22000,ifvg,1.7978,0.6985,122.2500,47.5000,2026-02-18T12:09:00+00:00
2026-02-18T17:09:00+00:00,2026-02-18T21:09:00+00:00,long,96.76000,ifvg,0.0604,0.7493,20.2500,251.0000,2026-02-18T16:59:00+00:00
2026-02-19T00:39:00+00:00,2026-02-19T01:29:00+00:00,long,-99.48000,ifvg,1.563,0.3259,52.7500,11.0000,2026-02-19T00:29:00+00:00
2026-02-19T01:34:00+00:00,2026-02-19T02:49:00+00:00,short,-514.36000,ifvg,1.7324,1.1127,30.7500,19.7500,2026-02-19T01:14:00+00:00
2026-02-19T08:14:00+00:00,2026-02-19T08:49:00+00:00,long,-491.20000,ifvg,0.4485,1.0309,21.7500,50.0000,2026-02-19T08:04:00+00:00
2026-02-19T14:34:00+00:00,2026-02-19T14:54:00+00:00,short,-466.20000,ifvg,1.5326,1.1793,70.5000,54.2500,2026-02-19T14:24:00+00:00
2026-02-19T15:04:00+00:00,2026-02-19T16:34:00+00:00,long,-16.74000,orb,0.2133,0.4699,34.5000,76.0000,
2026-02-19T16:34:00+00:00,2026-02-19T17:49:00+00:00,short,1208.800000,ifvg,2.7732,0.0206,134.5000,1.0000,2026-02-19T16:24:00+00:00
2026-02-19T19:44:00+00:00,2026-02-19T21:09:00+00:00,short,-349.48000,ifvg,0.1879,0.8488,21.7500,98.2500,2026-02-19T18:54:00+00:00
2026-02-20T01:59:00+00:00,2026-02-20T11:04:00+00:00,long,-470.96000,ifvg,1.3348,1.1373,77.7500,66.2500,2026-02-20T01:49:00+00:00
2026-02-20T14:39:00+00:00,2026-02-20T15:04:00+00:00,long,1194.030000,ifvg,2.9342,0.0596,234.0000,4.7500,2026-02-20T14:19:00+00:00
2026-02-20T15:04:00+00:00,2026-02-20T21:09:00+00:00,long,209.76000,orb,0.5566,0.3936,164.7500,116.5000,
2026-02-23T08:19:00+00:00,2026-02-23T14:49:00+00:00,long,-38.22000,ifvg,1.8779,0.5281,142.2500,40.0000,2026-02-23T08:09:00+00:00
2026-02-23T15:04:00+00:00,2026-02-23T16:09:00+00:00,short,876.020000,orb,1.1427,0.3674,198.2500,63.7500,
2026-02-24T05:24:00+00:00,2026-02-24T05:49:00+00:00,short,1276.730000,ifvg,2.5778,0.4,29.0000,4.5000,2026-02-24T05:09:00+00:00
2026-02-24T07:49:00+00:00,2026-02-24T09:19:00+00:00,short,100.56000,ifvg,1.7371,0.2057,76.0000,9.0000,2026-02-24T07:09:00+00:00
2026-02-24T09:19:00+00:00,2026-02-24T14:34:00+00:00,long,-438.72000,ifvg,1.0207,1.6483,74.0000,119.5000,2026-02-24T08:09:00+00:00
2026-02-24T14:49:00+00:00,2026-02-24T21:04:00+00:00,long,308.52000,ifvg,1.0019,0.9221,135.0000,124.2500,2026-02-24T14:34:00+00:00
2026-02-25T05:54:00+00:00,2026-02-25T14:34:00+00:00,long,1207.040000,ifvg,3.2149,0.5289,194.5000,32.0000,2026-02-25T05:24:00+00:00
2026-02-25T14:49:00+00:00,2026-02-25T21:09:00+00:00,long,162.26000,orb,0.5408,0.3374,87.7500,54.7500,
2026-02-26T05:24:00+00:00,2026-02-26T07:14:00+00:00,long,1319.640000,ifvg,2.6579,0.4605,50.5000,8.7500,2026-02-26T05:09:00+00:00
2026-02-26T09:59:00+00:00,2026-02-26T13:29:00+00:00,short,-563.84000,ifvg,1.9412,1.2353,33.0000,21.0000,2026-02-26T09:44:00+00:00
2026-02-26T14:54:00+00:00,2026-02-26T15:24:00+00:00,short,1256.020000,orb,2.5129,0.2028,316.0000,25.5000,
2026-02-27T00:54:00+00:00,2026-02-27T05:49:00+00:00,long,1332.090000,ifvg,2.521,0.5042,75.0000,15.0000,2026-02-27T00:44:00+00:00
2026-02-27T06:39:00+00:00,2026-02-27T08:04:00+00:00,long,1387.880000,ifvg,2.8605,0.2907,61.5000,6.2500,2026-02-27T06:24:00+00:00
2026-02-27T09:29:00+00:00,2026-02-27T09:49:00+00:00,short,1477.140000,ifvg,2.5294,0.0118,53.7500,0.2500,2026-02-27T09:19:00+00:00
2026-02-27T12:19:00+00:00,2026-02-27T12:44:00+00:00,long,-586.18000,ifvg,0.3758,1.2788,15.5000,52.7500,2026-02-27T11:49:00+00:00
2026-02-27T14:49:00+00:00,2026-02-27T21:09:00+00:00,long,159.52000,orb,0.7582,0.532,109.7500,77.0000,
2026-03-02T16:44:00+00:00,2026-03-02T21:09:00+00:00,long,176.76000,ifvg,0.2783,0.2137,87.2500,67.0000,2026-03-02T16:34:00+00:00
2026-03-03T03:44:00+00:00,2026-03-03T04:09:00+00:00,long,-577.92000,ifvg,0.4648,1.0704,16.5000,38.0000,2026-03-03T03:29:00+00:00
2026-03-03T10:49:00+00:00,2026-03-03T10:59:00+00:00,long,-532.44000,ifvg,0.4857,1.2914,21.2500,56.5000,2026-03-03T10:39:00+00:00
2026-03-03T14:49:00+00:00,2026-03-03T16:49:00+00:00,short,-319.24000,orb,0.9434,1.4009,150.0000,222.7500,
2026-03-03T17:49:00+00:00,2026-03-03T21:09:00+00:00,long,88.26000,ifvg,0.4954,0.1974,161.2500,64.2500,2026-03-03T17:39:00+00:00
2026-03-04T00:14:00+00:00,2026-03-04T00:39:00+00:00,long,-323.70000,ifvg,1.299,0.8088,66.2500,41.2500,2026-03-04T00:04:00+00:00
2026-03-04T00:39:00+00:00,2026-03-04T01:04:00+00:00,short,-500.96000,ifvg,0.2661,1.0806,16.5000,67.0000,2026-03-04T00:24:00+00:00
2026-03-04T06:39:00+00:00,2026-03-04T09:49:00+00:00,long,1477.040000,ifvg,2.5439,0.5473,188.2500,40.5000,2026-03-04T06:09:00+00:00
2026-03-04T12:44:00+00:00,2026-03-04T13:09:00+00:00,long,1386.070000,ifvg,2.6352,0.6478,104.7500,25.7500,2026-03-04T12:34:00+00:00
2026-03-04T15:09:00+00:00,2026-03-04T21:09:00+00:00,long,510.26000,orb,1.4143,0.2381,222.7500,37.5000,
2026-03-05T09:44:00+00:00,2026-03-05T14:39:00+00:00,short,-6.48000,ifvg,1.217,0.6226,129.0000,66.0000,2026-03-05T09:14:00+00:00
2026-03-05T14:54:00+00:00,2026-03-05T15:24:00+00:00,long,-518.96000,orb,0.4216,1.3487,66.5000,212.7500,
2026-03-05T15:44:00+00:00,2026-03-05T16:19:00+00:00,long,-579.72000,ifvg,0.5885,1.0365,56.5000,99.5000,2026-03-05T15:34:00+00:00
2026-03-06T01:39:00+00:00,2026-03-06T02:59:00+00:00,long,63.80000,ifvg,0.9071,0.4115,51.2500,23.2500,2026-03-06T01:29:00+00:00
2026-03-06T02:59:00+00:00,2026-03-06T03:59:00+00:00,short,-569.92000,ifvg,0.0429,1.2429,1.5000,43.5000,2026-03-06T02:19:00+00:00
2026-03-06T05:54:00+00:00,2026-03-06T08:29:00+00:00,short,1436.630000,ifvg,3.8989,0.8539,86.7500,19.0000,2026-03-06T05:39:00+00:00
2026-03-06T15:04:00+00:00,2026-03-06T20:39:00+00:00,long,-624.48000,orb,1.0402,1.0514,161.7500,163.5000,
2026-03-09T13:54:00+00:00,2026-03-09T14:09:00+00:00,short,-12.48000,orb,0.1569,0.7531,28.7500,138.0000,
2026-03-09T14:14:00+00:00,2026-03-09T15:29:00+00:00,long,1138.520000,ifvg,2.5636,0.1447,292.2500,16.5000,2026-03-09T13:44:00+00:00
2026-03-10T14:09:00+00:00,2026-03-10T14:39:00+00:00,short,-360.74000,orb,0.0529,1.0612,9.5000,190.7500,
2026-03-10T17:39:00+00:00,2026-03-10T17:54:00+00:00,short,-565.44000,ifvg,0.2473,1.1452,11.5000,53.2500,2026-03-10T17:24:00+00:00
2026-03-11T06:39:00+00:00,2026-03-11T06:49:00+00:00,long,-618.60000,ifvg,0.075,1.1125,1.5000,22.2500,2026-03-11T06:29:00+00:00
2026-03-11T14:04:00+00:00,2026-03-11T14:24:00+00:00,long,-524.22000,orb,0.317,1.2046,27.5000,104.5000,
2026-03-12T06:04:00+00:00,2026-03-12T11:59:00+00:00,long,727.04000,ifvg,2.3985,0.2804,162.5000,19.0000,2026-03-12T05:54:00+00:00
2026-03-12T11:59:00+00:00,2026-03-12T13:34:00+00:00,short,1353.060000,ifvg,2.5304,0.1326,114.5000,6.0000,2026-03-12T11:39:00+00:00
2026-03-12T13:49:00+00:00,2026-03-12T20:09:00+00:00,short,1155.78000,orb,2.0306,0.3163,199.0000,31.0000,
2026-03-13T00:14:00+00:00,2026-03-13T06:34:00+00:00,long,-577.44000,ifvg,1.7632,1.0211,83.7500,48.5000,2026-03-13T00:04:00+00:00
2026-03-13T13:54:00+00:00,2026-03-13T14:44:00+00:00,long,-357.74000,orb,0.0154,1.0954,2.7500,195.2500,
2026-03-16T13:59:00+00:00,2026-03-16T14:54:00+00:00,long,-457.48000,orb,0.2418,1.1099,27.5000,126.2500,
2026-03-16T19:14:00+00:00,2026-03-16T20:09:00+00:00,long,-290.96000,ifvg,0.2748,0.9329,21.5000,73.0000,2026-03-16T18:59:00+00:00
2026-03-17T11:19:00+00:00,2026-03-17T11:24:00+00:00,short,-633.08000,ifvg,0.0,1.6528,0,29.7500,2026-03-17T11:09:00+00:00
2026-03-17T11:59:00+00:00,2026-03-17T12:04:00+00:00,short,-623.16000,ifvg,0.0588,1.0441,2.0000,35.5000,2026-03-17T11:29:00+00:00
2026-03-17T12:09:00+00:00,2026-03-17T13:19:00+00:00,long,1368.060000,ifvg,2.6667,0.1202,122.0000,5.5000,2026-03-17T11:59:00+00:00
2026-03-17T13:49:00+00:00,2026-03-17T15:39:00+00:00,long,-600.48000,orb,0.0,1.0686,0,159.7500,
2026-03-18T18:24:00+00:00,2026-03-18T19:59:00+00:00,short,1434.030000,ifvg,2.6059,0.2899,200.0000,22.2500,2026-03-18T17:44:00+00:00
2026-03-19T02:04:00+00:00,2026-03-19T02:09:00+00:00,short,-602.40000,ifvg,0.0,1.7712,0,52.2500,2026-03-19T01:44:00+00:00
2026-03-19T09:34:00+00:00,2026-03-19T09:54:00+00:00,short,-555.72000,ifvg,0.1984,1.3125,18.2500,120.7500,2026-03-19T08:59:00+00:00
2026-03-19T13:24:00+00:00,2026-03-19T13:34:00+00:00,long,-610.68000,ifvg,0.1977,2.5407,8.5000,109.2500,2026-03-19T13:09:00+00:00
2026-03-19T17:24:00+00:00,2026-03-19T19:04:00+00:00,long,1405.560000,ifvg,3.2021,0.7181,150.5000,33.7500,2026-03-19T17:14:00+00:00
2026-03-19T19:04:00+00:00,2026-03-19T20:09:00+00:00,long,559.52000,ifvg,1.3718,0.5192,107.0000,40.5000,2026-03-19T18:44:00+00:00
2026-03-20T00:29:00+00:00,2026-03-20T01:39:00+00:00,short,-649.18000,ifvg,0.2842,1.2787,13.0000,58.5000,2026-03-20T00:19:00+00:00
2026-03-20T01:59:00+00:00,2026-03-20T02:54:00+00:00,short,-640.12000,ifvg,0.2292,1.0312,5.5000,24.7500,2026-03-20T01:44:00+00:00
2026-03-20T03:39:00+00:00,2026-03-20T05:04:00+00:00,long,-632.40000,ifvg,0.5403,1.2339,16.7500,38.2500,2026-03-20T03:09:00+00:00
2026-03-20T13:39:00+00:00,2026-03-20T13:44:00+00:00,short,-583.44000,ifvg,0.1302,1.4427,6.2500,69.2500,2026-03-20T13:29:00+00:00
2026-03-20T13:54:00+00:00,2026-03-20T19:34:00+00:00,short,1276.020000,orb,2.6341,0.0626,336.5000,8.0000,
2026-03-23T05:29:00+00:00,2026-03-23T06:59:00+00:00,short,1480.560000,ifvg,3.197,0.3434,158.2500,17.0000,2026-03-23T05:04:00+00:00
2026-03-23T13:49:00+00:00,2026-03-23T15:54:00+00:00,long,-575.48000,orb,0.7958,1.0279,114.0000,147.2500,
2026-03-24T15:19:00+00:00,2026-03-24T20:09:00+00:00,long,-221.74000,orb,0.2599,0.8866,51.0000,174.0000,
2026-03-25T00:19:00+00:00,2026-03-25T00:34:00+00:00,long,-613.92000,ifvg,1.1523,1.0265,43.5000,38.7500,2026-03-25T00:09:00+00:00
2026-03-25T07:29:00+00:00,2026-03-25T08:04:00+00:00,short,-594.96000,ifvg,0.0292,1.6292,1.7500,97.7500,2026-03-25T07:19:00+00:00
2026-03-25T12:24:00+00:00,2026-03-25T13:09:00+00:00,short,-547.44000,ifvg,1.4444,1.05,65.0000,47.2500,2026-03-25T12:09:00+00:00
2026-03-25T13:49:00+00:00,2026-03-25T16:29:00+00:00,short,20.52000,orb,1.2204,0.942,131.5000,101.5000,
2026-03-25T16:29:00+00:00,2026-03-25T20:09:00+00:00,long,-165.48000,ifvg,0.619,0.7676,81.2500,100.7500,2026-03-25T15:44:00+00:00
2026-03-26T12:14:00+00:00,2026-03-26T12:34:00+00:00,long,-613.92000,ifvg,0.2781,1.1854,10.5000,44.7500,2026-03-26T12:04:00+00:00
2026-03-26T13:49:00+00:00,2026-03-26T14:49:00+00:00,long,-562.96000,ifvg,1.0968,1.0323,76.5000,72.0000,2026-03-26T13:39:00+00:00
2026-03-27T00:19:00+00:00,2026-03-27T02:39:00+00:00,short,-192.40000,ifvg,1.9558,0.8761,55.2500,24.7500,2026-03-27T00:09:00+00:00
2026-03-27T02:39:00+00:00,2026-03-27T08:14:00+00:00,long,-280.96000,ifvg,1.688,0.812,105.5000,50.7500,2026-03-27T02:24:00+00:00
2026-03-27T13:54:00+00:00,2026-03-27T13:59:00+00:00,short,1263.520000,orb,1.8399,0.6169,255.7500,85.7500,
2026-03-30T16:09:00+00:00,2026-03-30T19:14:00+00:00,short,1101.020000,ifvg,2.5828,0.2177,284.7500,24.0000,2026-03-30T15:39:00+00:00
2026-03-31T03:04:00+00:00,2026-03-31T12:09:00+00:00,short,-652.44000,ifvg,2.2419,1.3488,120.5000,72.5000,2026-03-31T02:54:00+00:00
2026-03-31T12:19:00+00:00,2026-03-31T13:34:00+00:00,short,-524.96000,ifvg,0.5846,1.2038,38.0000,78.2500,2026-03-31T12:09:00+00:00
2026-03-31T13:49:00+00:00,2026-03-31T14:59:00+00:00,long,-609.48000,orb,0.3756,1.0165,57.0000,154.2500,
2026-04-01T12:54:00+00:00,2026-04-01T14:34:00+00:00,short,-620.48000,ifvg,0.1472,1.0243,22.7500,158.2500,2026-04-01T10:54:00+00:00
2026-04-01T14:39:00+00:00,2026-04-01T20:09:00+00:00,long,-44.24000,orb,0.7926,0.5235,134.7500,89.0000,
2026-04-02T00:49:00+00:00,2026-04-02T01:04:00+00:00,long,-574.96000,ifvg,0.3509,1.5333,25.0000,109.2500,2026-04-01T19:59:00+00:00
2026-04-02T01:09:00+00:00,2026-04-02T01:14:00+00:00,short,-514.96000,ifvg,0.2824,1.4588,18.0000,93.0000,2026-04-02T00:49:00+00:00
2026-04-02T13:44:00+00:00,2026-04-02T13:49:00+00:00,short,-590.96000,ifvg,0.2082,1.116,15.2500,81.7500,2026-04-02T13:34:00+00:00
2026-04-02T13:54:00+00:00,2026-04-02T14:39:00+00:00,long,835.510000,orb,2.5187,0.0538,421.2500,9.0000,
2026-04-03T11:24:00+00:00,2026-04-03T12:34:00+00:00,long,1490.610000,ifvg,3.8257,0.4495,104.2500,12.2500,2026-04-03T11:09:00+00:00
2026-04-06T07:09:00+00:00,2026-04-06T07:44:00+00:00,short,-588.70000,ifvg,0.2275,1.0644,13.2500,62.0000,2026-04-06T06:59:00+00:00
2026-04-06T13:54:00+00:00,2026-04-06T14:04:00+00:00,long,1527.550000,orb,0.5392,0.8097,72.2500,108.5000,
2026-04-06T14:09:00+00:00,2026-04-06T17:29:00+00:00,short,38.52000,ifvg,1.0535,0.7,113.2500,75.2500,2026-04-06T13:54:00+00:00
2026-04-06T17:29:00+00:00,2026-04-06T20:09:00+00:00,long,388.80000,ifvg,1.1285,0.9719,70.2500,60.5000,2026-04-06T17:19:00+00:00
2026-04-06T22:29:00+00:00,2026-04-07T00:19:00+00:00,short,-409.92000,ifvg,1.1769,0.9932,43.2500,36.5000,2026-04-06T22:09:00+00:00
2026-04-07T00:19:00+00:00,2026-04-07T00:39:00+00:00,long,-589.92000,ifvg,0.0207,1.5655,0.7500,56.7500,2026-04-07T00:04:00+00:00
2026-04-07T06:39:00+00:00,2026-04-07T08:04:00+00:00,short,-589.68000,ifvg,0.6747,2.6325,28.0000,109.2500,2026-04-07T06:29:00+00:00
2026-04-07T13:49:00+00:00,2026-04-07T17:39:00+00:00,short,-378.48000,orb,1.5883,0.9435,224.7500,133.5000,
2026-04-07T17:39:00+00:00,2026-04-07T20:09:00+00:00,long,264.76000,ifvg,0.5328,0.7095,138.0000,183.7500,2026-04-07T17:24:00+00:00
2026-04-08T05:44:00+00:00,2026-04-08T05:54:00+00:00,short,-596.88000,ifvg,0.0515,1.567,1.2500,38.0000,2026-04-08T05:34:00+00:00
2026-04-08T12:24:00+00:00,2026-04-08T12:49:00+00:00,short,-582.68000,ifvg,0.1037,1.1402,4.2500,46.7500,2026-04-08T12:09:00+00:00
2026-04-08T13:54:00+00:00,2026-04-08T14:34:00+00:00,long,-556.44000,ifvg,0.5137,1.1585,23.5000,53.0000,2026-04-08T13:44:00+00:00
2026-04-08T18:24:00+00:00,2026-04-08T20:09:00+00:00,short,35.04000,ifvg,1.8397,0.5076,120.5000,33.2500,2026-04-08T18:09:00+00:00
2026-04-09T03:04:00+00:00,2026-04-09T05:24:00+00:00,short,250.92000,ifvg,2.0143,0.4429,35.2500,7.7500,2026-04-09T02:54:00+00:00
2026-04-09T05:24:00+00:00,2026-04-09T07:19:00+00:00,long,-598.36000,ifvg,1.7952,1.1687,37.2500,24.2500,2026-04-09T05:14:00+00:00
2026-04-09T11:44:00+00:00,2026-04-09T14:09:00+00:00,long,-157.92000,ifvg,2.3154,0.5302,86.2500,19.7500,2026-04-09T10:59:00+00:00
2026-04-09T14:09:00+00:00,2026-04-09T15:34:00+00:00,short,-561.72000,orb,0.5941,1.5161,55.2500,141.0000,
2026-04-10T03:34:00+00:00,2026-04-10T06:54:00+00:00,short,1421.860000,ifvg,2.6154,0.6538,68.0000,17.0000,2026-04-10T03:09:00+00:00
2026-04-10T07:49:00+00:00,2026-04-10T10:29:00+00:00,short,-529.44000,ifvg,0.6667,1.1552,29.0000,50.2500,2026-04-10T07:34:00+00:00
2026-04-10T14:04:00+00:00,2026-04-10T14:34:00+00:00,short,-482.22000,orb,0.2665,1.0596,21.2500,84.5000,
2026-04-10T15:34:00+00:00,2026-04-10T15:59:00+00:00,short,1344.080000,ifvg,2.6444,0.1407,89.2500,4.7500,2026-04-10T15:19:00+00:00
2026-04-10T16:19:00+00:00,2026-04-10T16:39:00+00:00,long,-561.92000,ifvg,0.1232,1.2464,4.2500,43.0000,2026-04-10T16:04:00+00:00
2026-04-12T23:59:00+00:00,2026-04-13T01:14:00+00:00,long,1484.080000,ifvg,2.6577,0.9195,99.0000,34.2500,2026-04-12T23:39:00+00:00
2026-04-13T13:49:00+00:00,2026-04-13T19:54:00+00:00,long,1452.780000,orb,2.6881,0.4381,260.7500,42.5000,
2026-04-14T03:09:00+00:00,2026-04-14T05:24:00+00:00,short,-643.28000,ifvg,0.5893,1.1071,8.2500,15.5000,2026-04-14T02:49:00+00:00
2026-04-14T05:39:00+00:00,2026-04-14T06:44:00+00:00,short,-641.58000,ifvg,0.4932,1.0822,9.0000,19.7500,2026-04-14T04:24:00+00:00
2026-04-14T06:44:00+00:00,2026-04-14T07:49:00+00:00,long,880.88000,ifvg,2.4674,0.4783,56.7500,11.0000,2026-04-14T05:39:00+00:00
2026-04-14T07:49:00+00:00,2026-04-14T08:29:00+00:00,short,-648.60000,ifvg,0.6905,1.1429,14.5000,24.0000,2026-04-14T07:39:00+00:00
2026-04-14T12:29:00+00:00,2026-04-14T13:39:00+00:00,short,-625.92000,ifvg,1.1039,1.3766,42.5000,53.0000,2026-04-14T12:04:00+00:00
2026-04-14T14:09:00+00:00,2026-04-14T20:09:00+00:00,long,1356.78000,orb,2.3771,0.146,244.2500,15.0000,
2026-04-15T07:24:00+00:00,2026-04-15T13:59:00+00:00,short,-483.72000,ifvg,0.6188,1.1125,49.5000,89.0000,2026-04-15T06:34:00+00:00
2026-04-15T13:59:00+00:00,2026-04-15T18:39:00+00:00,long,1291.530000,orb,2.5391,0.2348,219.0000,20.2500,
2026-04-16T03:09:00+00:00,2026-04-16T05:04:00+00:00,long,-621.92000,ifvg,0.0261,1.0196,1.0000,39.0000,2026-04-16T02:54:00+00:00
2026-04-16T05:24:00+00:00,2026-04-16T06:14:00+00:00,long,1559.920000,ifvg,2.6216,0.1757,48.5000,3.2500,2026-04-16T05:09:00+00:00
2026-04-16T10:59:00+00:00,2026-04-16T13:34:00+00:00,long,-657.40000,ifvg,1.4574,1.1938,47.0000,38.5000,2026-04-16T10:49:00+00:00
2026-04-16T13:34:00+00:00,2026-04-16T13:54:00+00:00,long,-584.96000,ifvg,0.2,1.5793,14.5000,114.5000,2026-04-16T10:34:00+00:00
2026-04-16T13:54:00+00:00,2026-04-16T15:09:00+00:00,short,-343.24000,orb,0.038,1.0877,6.5000,186.0000,
2026-04-17T00:24:00+00:00,2026-04-17T05:04:00+00:00,long,-593.92000,ifvg,0.3767,1.2055,13.7500,44.0000,2026-04-17T00:09:00+00:00
2026-04-17T13:59:00+00:00,2026-04-17T20:09:00+00:00,long,578.28000,orb,1.5061,0.1671,153.2500,17.0000,
2026-04-20T13:49:00+00:00,2026-04-20T20:09:00+00:00,short,-87.72000,orb,1.6813,0.7565,162.2500,73.0000,
2026-04-21T06:14:00+00:00,2026-04-21T07:19:00+00:00,long,-565.18000,ifvg,0.0818,1.1321,3.2500,45.0000,2026-04-21T05:39:00+00:00
2026-04-21T09:09:00+00:00,2026-04-21T09:59:00+00:00,short,-591.66000,ifvg,0.0155,1.1318,0.5000,36.5000,2026-04-21T08:49:00+00:00
2026-04-21T14:04:00+00:00,2026-04-21T14:59:00+00:00,long,-500.22000,ifvg,0.7039,1.1722,58.2500,97.0000,2026-04-21T13:39:00+00:00
2026-04-22T14:14:00+00:00,2026-04-22T20:09:00+00:00,long,808.52000,orb,1.9632,0.0023,213.5000,0.2500,
2026-04-23T13:49:00+00:00,2026-04-23T14:04:00+00:00,long,-281.22000,orb,0.013,0.9587,1.5000,110.2500,
2026-04-23T14:09:00+00:00,2026-04-23T15:09:00+00:00,short,-534.72000,ifvg,0.5593,1.0085,49.5000,89.2500,2026-04-23T13:44:00+00:00
2026-04-24T08:04:00+00:00,2026-04-24T11:04:00+00:00,long,1508.570000,ifvg,3.2659,0.526,141.2500,22.7500,2026-04-24T07:39:00+00:00
2026-04-24T13:54:00+00:00,2026-04-24T14:14:00+00:00,short,-524.22000,orb,0.4928,1.0865,42.7500,94.2500,
2026-04-26T22:09:00+00:00,2026-04-26T22:44:00+00:00,short,-633.36000,ifvg,0.625,1.3864,13.7500,30.5000,2026-04-24T20:59:00+00:00
2026-04-27T13:49:00+00:00,2026-04-27T17:34:00+00:00,short,-513.72000,orb,0.6029,1.0441,51.2500,88.7500,
2026-04-28T00:24:00+00:00,2026-04-28T01:54:00+00:00,short,1471.680000,ifvg,3.1364,0.1212,51.7500,2.0000,2026-04-28T00:14:00+00:00
2026-04-28T01:54:00+00:00,2026-04-28T04:19:00+00:00,short,330.82000,ifvg,1.431,0.069,62.2500,3.0000,2026-04-28T01:44:00+00:00
2026-04-28T04:19:00+00:00,2026-04-28T05:14:00+00:00,long,-617.92000,ifvg,0.4013,1.3289,15.2500,50.5000,2026-04-28T03:54:00+00:00
2026-04-28T14:49:00+00:00,2026-04-28T20:09:00+00:00,short,-253.74000,orb,0.2863,0.9148,51.2500,163.7500,
2026-04-29T13:24:00+00:00,2026-04-29T13:54:00+00:00,short,-163.70000,ifvg,1.4435,0.3054,86.2500,18.2500,2026-04-29T13:09:00+00:00
2026-04-29T13:54:00+00:00,2026-04-29T15:14:00+00:00,long,20.28000,orb,0.8725,0.4779,89.0000,48.7500,
2026-04-29T15:14:00+00:00,2026-04-29T15:24:00+00:00,short,-589.68000,ifvg,0.253,1.0964,10.5000,45.5000,2026-04-29T14:39:00+00:00
2026-04-29T18:09:00+00:00,2026-04-29T18:39:00+00:00,short,-468.72000,ifvg,0.2484,1.1581,19.2500,89.7500,2026-04-29T17:54:00+00:00
2026-04-29T19:04:00+00:00,2026-04-29T20:09:00+00:00,long,7.52000,ifvg,1.0341,0.4088,129.0000,51.0000,2026-04-29T15:59:00+00:00
2026-04-30T13:54:00+00:00,2026-04-30T17:09:00+00:00,short,-374.74000,orb,0.3226,0.7762,80.0000,192.5000,
2026-04-30T17:09:00+00:00,2026-04-30T20:09:00+00:00,long,305.26000,ifvg,0.9055,0.0248,191.7500,5.2500,2026-04-30T16:59:00+00:00
2026-05-01T05:24:00+00:00,2026-05-01T11:04:00+00:00,short,826.56000,ifvg,1.9541,0.1224,95.7500,6.0000,2026-05-01T05:14:00+00:00
2026-05-01T11:04:00+00:00,2026-05-01T12:14:00+00:00,long,752.60000,ifvg,2.0513,0.8718,60.0000,25.5000,2026-05-01T10:39:00+00:00
2026-05-01T12:14:00+00:00,2026-05-01T13:34:00+00:00,short,-514.96000,ifvg,0.549,2.3137,35.0000,147.5000,2026-05-01T12:04:00+00:00
2026-05-01T13:59:00+00:00,2026-05-01T20:09:00+00:00,long,-95.74000,orb,0.1691,0.48,43.2500,122.7500,
2026-05-04T00:14:00+00:00,2026-05-04T05:34:00+00:00,long,497.28000,ifvg,1.2543,0.5514,109.7500,48.2500,2026-05-03T23:19:00+00:00
2026-05-04T05:34:00+00:00,2026-05-04T06:29:00+00:00,short,1516.680000,ifvg,2.7353,0.8088,46.5000,13.7500,2026-05-04T05:24:00+00:00
2026-05-04T08:09:00+00:00,2026-05-04T10:09:00+00:00,short,1315.050000,ifvg,4.2275,0.7156,223.0000,37.7500,2026-05-04T07:14:00+00:00
2026-05-04T10:09:00+00:00,2026-05-04T10:34:00+00:00,short,-489.48000,ifvg,0.3203,1.2567,39.0000,153.0000,2026-05-04T00:34:00+00:00
2026-05-04T13:59:00+00:00,2026-05-04T15:04:00+00:00,long,-38.22000,orb,0.51,0.5954,44.7500,52.2500,
2026-05-04T15:04:00+00:00,2026-05-04T15:19:00+00:00,short,1480.100000,ifvg,4.0588,0.3866,120.7500,11.5000,2026-05-04T14:49:00+00:00
2026-05-05T00:09:00+00:00,2026-05-05T00:24:00+00:00,long,-625.92000,ifvg,0.1299,1.0909,5.0000,42.0000,2026-05-04T22:49:00+00:00
2026-05-05T06:39:00+00:00,2026-05-05T07:44:00+00:00,long,1550.380000,ifvg,2.6042,0.3021,62.5000,7.2500,2026-05-05T06:24:00+00:00
2026-05-05T08:09:00+00:00,2026-05-05T08:49:00+00:00,long,1574.080000,ifvg,2.5106,0.0785,207.7500,6.5000,2026-05-05T07:54:00+00:00
2026-05-05T13:59:00+00:00,2026-05-05T14:24:00+00:00,long,1652.040000,orb,0.8993,0.4705,102.7500,53.7500,
2026-05-06T07:19:00+00:00,2026-05-06T08:04:00+00:00,short,-712.40000,ifvg,0.2857,1.1,10.0000,38.5000,2026-05-06T07:09:00+00:00
2026-05-06T13:54:00+00:00,2026-05-06T20:09:00+00:00,long,1052.52000,orb,1.6625,0.6939,264.7500,110.5000,
2026-05-07T02:19:00+00:00,2026-05-07T03:49:00+00:00,short,-692.40000,ifvg,0.2574,1.0074,8.7500,34.2500,2026-05-07T01:49:00+00:00
2026-05-07T13:54:00+00:00,2026-05-07T16:09:00+00:00,long,-656.20000,orb,2.4423,1.0308,158.7500,67.0000,
2026-05-08T02:54:00+00:00,2026-05-08T12:34:00+00:00,long,1442.040000,ifvg,2.5882,0.1696,187.0000,12.2500,2026-05-08T01:59:00+00:00
2026-05-08T13:49:00+00:00,2026-05-08T13:54:00+00:00,long,1561.070000,orb,1.549,0.1197,320.2500,24.7500,
2026-05-11T05:49:00+00:00,2026-05-11T09:49:00+00:00,short,-691.20000,ifvg,2.0079,1.254,63.2500,39.5000,2026-05-11T04:34:00+00:00
2026-05-11T17:29:00+00:00,2026-05-11T18:59:00+00:00,long,-708.68000,ifvg,0.79,1.02,39.5000,51.0000,2026-05-11T17:19:00+00:00
2026-05-11T23:29:00+00:00,2026-05-12T01:29:00+00:00,long,-523.48000,ifvg,0.0173,1.0461,2.2500,136.2500,2026-05-11T23:19:00+00:00
2026-05-12T01:54:00+00:00,2026-05-12T03:09:00+00:00,long,445.04000,ifvg,1.1133,0.2492,86.0000,19.2500,2026-05-12T01:44:00+00:00
2026-05-12T03:09:00+00:00,2026-05-12T05:54:00+00:00,short,498.80000,ifvg,1.0798,0.1975,64.2500,11.7500,2026-05-12T02:59:00+00:00
2026-05-12T05:54:00+00:00,2026-05-12T06:09:00+00:00,long,-715.84000,ifvg,0.6092,1.1149,13.2500,24.2500,2026-05-12T05:39:00+00:00
2026-05-12T12:19:00+00:00,2026-05-12T13:44:00+00:00,long,1622.320000,ifvg,2.957,0.7581,137.5000,35.2500,2026-05-12T12:09:00+00:00
2026-05-12T13:59:00+00:00,2026-05-12T14:19:00+00:00,short,-362.48000,orb,0.2624,0.5984,41.0000,93.5000,
2026-05-12T14:19:00+00:00,2026-05-12T14:29:00+00:00,long,-594.72000,ifvg,0.0888,1.4061,8.7500,138.5000,2026-05-12T14:04:00+00:00
2026-05-13T00:24:00+00:00,2026-05-13T04:34:00+00:00,long,1608.800000,ifvg,2.5271,0.6279,163.0000,40.5000,2026-05-12T23:44:00+00:00
2026-05-13T13:49:00+00:00,2026-05-13T14:54:00+00:00,short,-609.48000,orb,0.2669,1.1763,40.5000,178.5000,
2026-05-13T15:49:00+00:00,2026-05-13T20:09:00+00:00,long,307.26000,ifvg,0.7278,0.1886,213.2500,55.2500,2026-05-13T12:24:00+00:00
2026-05-14T09:54:00+00:00,2026-05-14T10:29:00+00:00,long,120.82000,ifvg,1.1892,0.1784,55.0000,8.2500,2026-05-14T09:44:00+00:00
2026-05-14T11:29:00+00:00,2026-05-14T13:39:00+00:00,short,-709.44000,ifvg,1.2863,1.3034,75.2500,76.2500,2026-05-14T10:59:00+00:00
2026-05-14T13:49:00+00:00,2026-05-14T14:04:00+00:00,long,-142.74000,orb,0.0918,0.6715,19.0000,139.0000,
2026-05-14T14:04:00+00:00,2026-05-14T14:44:00+00:00,short,-531.72000,ifvg,0.6506,1.0455,57.2500,92.0000,2026-05-14T13:49:00+00:00
2026-05-14T23:54:00+00:00,2026-05-15T01:29:00+00:00,short,1658.340000,ifvg,3.1014,0.8311,114.7500,30.7500,2026-05-14T22:39:00+00:00
2026-05-15T08:49:00+00:00,2026-05-15T09:54:00+00:00,long,-621.72000,ifvg,0.0874,1.0024,9.0000,103.2500,2026-05-15T08:34:00+00:00
2026-05-15T13:59:00+00:00,2026-05-15T14:14:00+00:00,short,-593.48000,orb,0.0745,1.0948,11.0000,161.7500,
2026-05-15T18:24:00+00:00,2026-05-15T18:34:00+00:00,short,1613.340000,ifvg,2.9236,0.2986,105.2500,10.7500,2026-05-15T18:09:00+00:00
2026-05-18T04:29:00+00:00,2026-05-18T04:44:00+00:00,short,-701.68000,ifvg,0.1616,1.0303,8.0000,51.0000,2026-05-18T04:14:00+00:00
2026-05-18T05:24:00+00:00,2026-05-18T06:49:00+00:00,short,-136.74000,ifvg,0.9884,0.6409,64.0000,41.5000,2026-05-18T05:09:00+00:00
2026-05-18T06:54:00+00:00,2026-05-18T12:39:00+00:00,long,1507.040000,ifvg,2.606,0.5199,196.7500,39.2500,2026-05-18T06:04:00+00:00
2026-05-18T13:49:00+00:00,2026-05-18T13:59:00+00:00,short,-172.24000,orb,0.0063,0.7611,1.2500,150.5000,
2026-05-18T13:59:00+00:00,2026-05-18T14:34:00+00:00,long,-631.48000,ifvg,0.3498,1.4706,55.0000,231.2500,2026-05-18T13:49:00+00:00
2026-05-18T19:09:00+00:00,2026-05-18T20:09:00+00:00,long,450.52000,ifvg,1.2112,0.7143,146.2500,86.2500,2026-05-18T18:19:00+00:00
2026-05-19T04:09:00+00:00,2026-05-19T05:34:00+00:00,short,128.28000,ifvg,0.6101,0.2798,66.5000,30.5000,2026-05-19T03:14:00+00:00
2026-05-19T05:34:00+00:00,2026-05-19T07:49:00+00:00,long,1727.550000,ifvg,2.8231,0.3574,195.5000,24.7500,2026-05-19T05:24:00+00:00
2026-05-19T13:39:00+00:00,2026-05-19T13:44:00+00:00,long,-617.22000,ifvg,0.0587,1.3154,6.0000,134.5000,2026-05-19T13:14:00+00:00
2026-05-19T14:14:00+00:00,2026-05-19T16:34:00+00:00,short,-435.24000,ifvg,0.3387,1.0081,73.5000,218.7500,2026-05-19T13:39:00+00:00
2026-05-20T00:34:00+00:00,2026-05-20T01:39:00+00:00,long,-613.70000,ifvg,0.9588,1.1235,58.2500,68.2500,2026-05-20T00:19:00+00:00
2026-05-20T05:09:00+00:00,2026-05-20T05:34:00+00:00,long,1684.080000,ifvg,2.5094,0.483,166.2500,32.0000,2026-05-20T04:44:00+00:00
2026-05-20T14:19:00+00:00,2026-05-20T14:34:00+00:00,long,1790.050000,orb,1.5878,0.3461,228.2500,49.7500,
2026-05-20T18:49:00+00:00,2026-05-20T19:19:00+00:00,short,-749.16000,ifvg,0.3659,1.1341,15.0000,46.5000,2026-05-20T18:39:00+00:00
2026-05-21T07:29:00+00:00,2026-05-21T08:14:00+00:00,long,1884.820000,ifvg,3.2361,0.088,174.7500,4.7500,2026-05-21T07:19:00+00:00
2026-05-21T13:54:00+00:00,2026-05-21T14:24:00+00:00,long,-726.72000,orb,0.3755,1.3921,45.2500,167.7500,
2026-05-22T06:59:00+00:00,2026-05-22T07:24:00+00:00,short,159.38000,ifvg,0.7898,0.3864,34.7500,17.0000,2026-05-22T06:39:00+00:00
2026-05-22T07:29:00+00:00,2026-05-22T07:34:00+00:00,long,-761.64000,ifvg,0.0809,1.1103,2.7500,37.7500,2026-05-22T07:09:00+00:00
2026-05-22T08:39:00+00:00,2026-05-22T10:29:00+00:00,short,1780.560000,ifvg,2.6513,0.1891,157.7500,11.2500,2026-05-22T08:24:00+00:00
2026-05-22T13:39:00+00:00,2026-05-22T14:09:00+00:00,long,-696.48000,ifvg,0.1398,1.013,24.2500,175.7500,2026-05-22T08:39:00+00:00
2026-05-22T17:24:00+00:00,2026-05-22T17:29:00+00:00,short,-665.48000,ifvg,0.157,1.2209,6.7500,52.5000,2026-05-22T17:09:00+00:00
2026-05-25T13:49:00+00:00,2026-05-25T14:14:00+00:00,long,141.30000,orb,0.311,0.7012,12.7500,28.7500,
2026-05-25T14:19:00+00:00,2026-05-25T14:44:00+00:00,short,1836.270000,ifvg,3.1455,0.3091,43.2500,4.2500,2026-05-25T13:59:00+00:00
2026-05-26T10:49:00+00:00,2026-05-26T12:34:00+00:00,short,-794.64000,ifvg,1.5775,1.007,56.0000,35.7500,2026-05-26T10:34:00+00:00
2026-05-26T13:49:00+00:00,2026-05-26T15:54:00+00:00,long,-741.20000,ifvg,1.9728,1.0,145.0000,73.5000,2026-05-26T13:39:00+00:00
2026-05-27T15:44:00+00:00,2026-05-27T20:09:00+00:00,short,-193.74000,ifvg,0.0256,0.5998,7.7500,181.7500,2026-05-27T15:34:00+00:00
2026-05-28T13:49:00+00:00,2026-05-28T14:14:00+00:00,short,-722.48000,orb,0.0639,1.4181,11.5000,255.2500,
2026-05-28T18:59:00+00:00,2026-05-28T20:09:00+00:00,long,969.78000,ifvg,1.0203,0.527,37.7500,19.5000,2026-05-28T18:39:00+00:00
2026-05-29T06:34:00+00:00,2026-05-29T06:54:00+00:00,short,-771.54000,ifvg,0.0,1.4789,0,26.2500,2026-05-29T06:24:00+00:00
2026-05-29T11:34:00+00:00,2026-05-29T11:44:00+00:00,short,-728.64000,ifvg,0.1538,1.1538,5.0000,37.5000,2026-05-29T11:09:00+00:00
2026-05-29T13:49:00+00:00,2026-05-29T14:29:00+00:00,long,-731.22000,orb,0.4103,1.1567,49.7500,140.2500,
2026-06-01T11:44:00+00:00,2026-06-01T12:09:00+00:00,long,-681.92000,ifvg,0.1548,1.2143,6.5000,51.0000,2026-06-01T11:09:00+00:00
2026-06-01T13:44:00+00:00,2026-06-01T14:04:00+00:00,long,-425.48000,ifvg,0.3799,0.8587,53.7500,121.5000,2026-06-01T13:19:00+00:00
2026-06-01T14:04:00+00:00,2026-06-01T15:19:00+00:00,short,-620.48000,orb,0.0291,1.0566,4.5000,163.2500,
2026-06-02T13:29:00+00:00,2026-06-02T13:34:00+00:00,long,-673.92000,ifvg,0.253,2.1747,10.5000,90.2500,2026-06-02T13:14:00+00:00
2026-06-02T13:39:00+00:00,2026-06-02T13:49:00+00:00,short,-718.44000,ifvg,0.6835,1.4599,40.5000,86.5000,2026-06-02T13:29:00+00:00
2026-06-02T13:59:00+00:00,2026-06-02T20:09:00+00:00,long,1094.28000,orb,0.9059,0.361,161.2500,64.2500,
2026-06-02T23:44:00+00:00,2026-06-03T04:54:00+00:00,long,268.80000,ifvg,0.7116,0.4494,47.5000,30.0000,2026-06-02T23:29:00+00:00
2026-06-03T04:54:00+00:00,2026-06-03T06:09:00+00:00,short,446.40000,ifvg,1.5,0.5532,35.2500,13.0000,2026-06-03T04:09:00+00:00
2026-06-03T06:09:00+00:00,2026-06-03T07:29:00+00:00,long,194.08000,ifvg,1.1463,0.6037,47.0000,24.7500,2026-06-03T05:34:00+00:00
2026-06-03T07:29:00+00:00,2026-06-03T08:14:00+00:00,short,-738.36000,ifvg,0.7961,1.7087,20.5000,44.0000,2026-06-03T07:19:00+00:00
2026-06-03T13:49:00+00:00,2026-06-03T14:14:00+00:00,short,-649.48000,ifvg,0.17,1.0155,27.5000,164.2500,2026-06-02T23:49:00+00:00
2026-06-03T23:04:00+00:00,2026-06-03T23:39:00+00:00,long,-727.44000,ifvg,0.0,1.0125,0,60.7500,2026-06-03T22:54:00+00:00
2026-06-04T13:34:00+00:00,2026-06-04T13:44:00+00:00,short,1578.570000,ifvg,2.7182,0.4696,123.0000,21.2500,2026-06-04T13:24:00+00:00
2026-06-04T14:04:00+00:00,2026-06-04T14:19:00+00:00,short,-269.48000,orb,0.2769,0.6572,46.2500,109.7500,
2026-06-04T14:19:00+00:00,2026-06-04T16:24:00+00:00,long,1682.040000,ifvg,2.635,0.1484,222.0000,12.5000,2026-06-04T14:09:00+00:00
2026-06-05T12:24:00+00:00,2026-06-05T12:29:00+00:00,long,-735.66000,ifvg,0.0186,1.087,0.7500,43.7500,2026-06-05T12:09:00+00:00
2026-06-05T12:49:00+00:00,2026-06-05T12:59:00+00:00,long,-641.20000,ifvg,0.0118,1.1417,0.7500,72.5000,2026-06-05T12:39:00+00:00
2026-06-05T13:49:00+00:00,2026-06-05T18:29:00+00:00,short,1213.010000,orb,2.622,0.3502,636.5000,85.0000,
2026-06-08T13:59:00+00:00,2026-06-08T14:14:00+00:00,short,-185.24000,orb,0.0768,0.5219,18.0000,122.2500,
2026-06-08T14:14:00+00:00,2026-06-08T15:04:00+00:00,long,1584.030000,ifvg,2.5059,0.6336,265.0000,67.0000,2026-06-08T14:04:00+00:00
2026-06-09T07:09:00+00:00,2026-06-09T07:19:00+00:00,long,-717.66000,ifvg,0.1656,1.172,6.5000,46.0000,2026-06-09T06:59:00+00:00
2026-06-09T13:39:00+00:00,2026-06-09T13:44:00+00:00,short,-730.44000,ifvg,0.4523,1.3817,27.2500,83.2500,2026-06-09T13:04:00+00:00
2026-06-09T13:49:00+00:00,2026-06-09T13:59:00+00:00,long,-546.48000,ifvg,0.0349,1.3254,4.7500,180.2500,2026-06-05T15:19:00+00:00
2026-06-09T19:24:00+00:00,2026-06-09T20:04:00+00:00,short,-543.24000,ifvg,0.1494,1.1264,40.5000,305.2500,2026-06-09T18:24:00+00:00
2026-06-10T00:39:00+00:00,2026-06-10T05:34:00+00:00,short,669.78000,ifvg,1.4744,0.7585,172.5000,88.7500,2026-06-10T00:04:00+00:00
2026-06-10T05:34:00+00:00,2026-06-10T08:19:00+00:00,long,-666.68000,ifvg,2.1223,1.016,99.7500,47.7500,2026-06-10T05:24:00+00:00
2026-06-10T09:34:00+00:00,2026-06-10T10:24:00+00:00,long,-598.96000,ifvg,0.6835,1.0774,50.7500,80.0000,2026-06-10T09:19:00+00:00
2026-06-10T13:49:00+00:00,2026-06-10T15:14:00+00:00,long,-744.24000,orb,0.2847,1.0747,105.7500,399.2500,
2026-06-11T13:49:00+00:00,2026-06-11T14:59:00+00:00,long,-660.48000,orb,1.4225,1.2644,234.0000,208.0000,
2026-06-11T17:34:00+00:00,2026-06-11T20:09:00+00:00,long,568.76000,ifvg,1.2018,0.4898,338.0000,137.7500,2026-06-11T16:59:00+00:00
