ts,equity
2025-01-02T14:54:00+00:00,49999.26
2025-01-02T17:29:00+00:00,49572.02000
2025-01-02T17:29:00+00:00,49571.28000
2025-01-02T21:09:00+00:00,49508.54000
2025-01-03T16:34:00+00:00,49507.80000
2025-01-03T21:09:00+00:00,49597.06000
2025-01-06T14:49:00+00:00,49596.32000
2025-01-06T18:49:00+00:00,49382.58000
2025-01-06T18:49:00+00:00,49381.84000
2025-01-06T21:09:00+00:00,49264.60000
2025-01-07T15:04:00+00:00,49263.86000
2025-01-07T21:09:00+00:00,49702.62000
2025-01-08T15:04:00+00:00,49701.88000
2025-01-08T15:14:00+00:00,49504.64000
2025-01-08T15:14:00+00:00,49503.90000
2025-01-08T16:39:00+00:00,49221.66000
2025-01-10T14:49:00+00:00,49220.92000
2025-01-10T21:09:00+00:00,49273.18000
2025-01-13T14:54:00+00:00,49272.44000
2025-01-13T21:09:00+00:00,49598.70000
2025-01-14T14:54:00+00:00,49597.96000
2025-01-14T21:09:00+00:00,49652.22000
2025-01-15T14:49:00+00:00,49651.48000
2025-01-15T21:09:00+00:00,49705.24000
2025-01-16T14:49:00+00:00,49704.50000
2025-01-16T21:09:00+00:00,50009.26000
2025-01-17T18:14:00+00:00,50008.52000
2025-01-17T21:09:00+00:00,49885.28000
2025-01-20T15:19:00+00:00,49883.80000
2025-01-21T00:54:00+00:00,50418.320000
2025-01-21T14:54:00+00:00,50417.580000
2025-01-21T17:44:00+00:00,50146.840000
2025-01-21T17:49:00+00:00,50146.100000
2025-01-21T21:09:00+00:00,50218.860000
2025-01-22T14:49:00+00:00,50217.380000
2025-01-22T21:09:00+00:00,50227.900000
2025-01-23T15:34:00+00:00,50225.680000
2025-01-23T20:59:00+00:00,50877.460000
2025-01-24T14:49:00+00:00,50875.980000
2025-01-24T15:19:00+00:00,50618.500000
2025-01-24T15:29:00+00:00,50616.280000
2025-01-24T18:59:00+00:00,51322.060000
2025-01-27T14:49:00+00:00,51321.320000
2025-01-27T19:54:00+00:00,50928.080000
2025-01-28T15:04:00+00:00,50927.340000
2025-01-28T21:09:00+00:00,51345.600000
2025-01-29T15:44:00+00:00,51344.860000
2025-01-29T21:09:00+00:00,51362.620000
2025-01-30T14:49:00+00:00,51361.880000
2025-01-30T15:04:00+00:00,51082.640000
2025-01-30T15:09:00+00:00,51081.160000
2025-01-30T16:14:00+00:00,51709.680000
2025-01-31T14:54:00+00:00,51708.200000
2025-01-31T18:34:00+00:00,51336.720000
2025-01-31T18:34:00+00:00,51335.240000
2025-01-31T20:14:00+00:00,52075.760000
2025-02-03T15:04:00+00:00,52075.020000
2025-02-03T15:24:00+00:00,51782.780000
2025-02-03T15:29:00+00:00,51782.040000
2025-02-03T21:09:00+00:00,51924.300000
2025-02-04T14:54:00+00:00,51923.560000
2025-02-04T21:09:00+00:00,52078.820000
2025-02-05T15:04:00+00:00,52077.340000
2025-02-05T15:39:00+00:00,51786.860000
2025-02-05T15:39:00+00:00,51785.380000
2025-02-05T17:09:00+00:00,52371.900000
2025-02-06T14:49:00+00:00,52369.680000
2025-02-06T19:34:00+00:00,52038.960000
2025-02-06T19:34:00+00:00,52036.740000
2025-02-06T20:24:00+00:00,51685.020000
2025-02-07T15:04:00+00:00,51684.280000
2025-02-07T21:09:00+00:00,52008.540000
2025-02-10T15:04:00+00:00,52007.060000
2025-02-10T21:09:00+00:00,52060.580000
2025-02-11T15:14:00+00:00,52059.840000
2025-02-11T21:09:00+00:00,52031.600000
2025-02-11T23:04:00+00:00,52030.860000
2025-02-12T13:34:00+00:00,51820.120000
2025-02-12T14:49:00+00:00,51819.380000
2025-02-12T21:09:00+00:00,52134.140000
2025-02-13T15:19:00+00:00,52133.400000
2025-02-13T21:09:00+00:00,52364.660000
2025-02-14T15:09:00+00:00,52362.440000
2025-02-14T21:09:00+00:00,52762.220000
2025-02-17T16:04:00+00:00,52760.000000
2025-02-18T14:49:00+00:00,52441.280000
2025-02-18T14:49:00+00:00,52439.800000
2025-02-18T21:09:00+00:00,52250.320000
2025-02-19T14:49:00+00:00,52248.100000
2025-02-19T16:14:00+00:00,51908.380000
2025-02-19T16:44:00+00:00,51906.900000
2025-02-19T21:09:00+00:00,51842.420000
2025-02-20T14:49:00+00:00,51840.940000
2025-02-20T15:04:00+00:00,52527.460000
2025-02-21T14:59:00+00:00,52525.980000
2025-02-21T17:24:00+00:00,53288.500000
2025-02-24T14:54:00+00:00,53287.760000
2025-02-24T21:09:00+00:00,53653.020000
2025-02-25T14:49:00+00:00,53652.280000
2025-02-25T15:24:00+00:00,54092.540000
2025-02-26T14:49:00+00:00,54091.060000
2025-02-26T18:29:00+00:00,53737.580000
2025-02-26T18:29:00+00:00,53736.840000
2025-02-26T21:09:00+00:00,53627.100000
2025-02-27T14:54:00+00:00,53626.360000
2025-02-27T21:09:00+00:00,54554.620000
2025-02-28T15:14:00+00:00,54553.880000
2025-02-28T21:09:00+00:00,54980.140000
2025-03-03T14:49:00+00:00,54979.400000
2025-03-03T20:04:00+00:00,55696.660000
2025-03-04T14:59:00+00:00,55695.920000
2025-03-04T17:29:00+00:00,55298.680000
2025-03-04T18:14:00+00:00,55297.940000
2025-03-04T21:09:00+00:00,55276.700000
2025-03-05T15:09:00+00:00,55275.960000
2025-03-05T15:24:00+00:00,54990.220000
2025-03-05T16:14:00+00:00,54989.480000
2025-03-05T17:24:00+00:00,54667.740000
2025-03-06T15:04:00+00:00,54667.000000
2025-03-06T17:04:00+00:00,54404.260000
2025-03-06T17:04:00+00:00,54403.520000
2025-03-06T21:09:00+00:00,54517.280000
2025-03-07T14:49:00+00:00,54516.540000
2025-03-07T15:34:00+00:00,54173.300000
2025-03-07T15:34:00+00:00,54172.560000
2025-03-07T19:04:00+00:00,53694.320000
2025-03-10T13:54:00+00:00,53693.580000
2025-03-10T17:04:00+00:00,54246.840000
2025-03-11T13:49:00+00:00,54246.100000
2025-03-11T14:04:00+00:00,53841.360000
2025-03-11T14:04:00+00:00,53840.620000
2025-03-11T18:44:00+00:00,53503.380000
2025-03-12T13:54:00+00:00,53502.640000
2025-03-12T20:09:00+00:00,53634.400000
2025-03-13T13:54:00+00:00,53633.660000
2025-03-13T20:09:00+00:00,53840.920000
2025-03-14T13:54:00+00:00,53840.180000
2025-03-14T14:04:00+00:00,53523.940000
2025-03-14T14:59:00+00:00,53523.200000
2025-03-14T20:09:00+00:00,53632.960000
2025-03-17T15:04:00+00:00,53632.220000
2025-03-17T18:04:00+00:00,53270.980000
2025-03-17T18:14:00+00:00,53270.240000
2025-03-17T20:09:00+00:00,53151.500000
2025-03-18T13:54:00+00:00,53150.760000
2025-03-18T20:09:00+00:00,53101.520000
2025-03-19T13:54:00+00:00,53100.780000
2025-03-19T19:09:00+00:00,53587.040000
2025-03-20T13:49:00+00:00,53586.300000
2025-03-20T20:09:00+00:00,53570.560000
2025-03-21T13:54:00+00:00,53569.820000
2025-03-21T19:59:00+00:00,54015.080000
2025-03-24T13:49:00+00:00,54013.600000
2025-03-24T20:09:00+00:00,54226.120000
2025-03-25T14:24:00+00:00,54223.900000
2025-03-25T20:09:00+00:00,54659.680000
2025-03-26T13:49:00+00:00,54658.200000
2025-03-26T14:24:00+00:00,55258.720000
2025-03-27T13:59:00+00:00,55257.980000
2025-03-27T20:09:00+00:00,55106.740000
2025-03-28T14:04:00+00:00,55105.260000
2025-03-28T14:29:00+00:00,55919.780000
2025-03-31T15:24:00+00:00,55919.040000
2025-03-31T20:09:00+00:00,56298.300000
2025-04-01T13:49:00+00:00,56296.820000
2025-04-01T14:09:00+00:00,55873.340000
2025-04-01T14:14:00+00:00,55872.600000
2025-04-01T14:39:00+00:00,55603.860000
2025-04-02T13:49:00+00:00,55603.120000
2025-04-02T20:09:00+00:00,55950.380000
2025-04-03T14:09:00+00:00,55949.640000
2025-04-03T20:09:00+00:00,56357.400000
2025-04-04T14:14:00+00:00,56356.660000
2025-04-04T20:04:00+00:00,57339.920000
2025-04-07T13:54:00+00:00,57339.180000
2025-04-07T14:14:00+00:00,59124.440000
2025-04-08T13:54:00+00:00,59123.700000
2025-04-08T15:14:00+00:00,58812.960000
2025-04-08T15:14:00+00:00,58812.220000
2025-04-08T16:39:00+00:00,59405.480000
2025-04-09T17:04:00+00:00,59404.740000
2025-04-09T17:29:00+00:00,61369.000000
2025-04-10T13:59:00+00:00,61368.260000
2025-04-10T16:04:00+00:00,62206.520000
2025-04-11T13:49:00+00:00,62205.780000
2025-04-11T14:24:00+00:00,61761.540000
2025-04-11T14:29:00+00:00,61760.800000
2025-04-11T15:04:00+00:00,61228.560000
2025-04-14T15:29:00+00:00,61227.820000
2025-04-14T20:09:00+00:00,61278.080000
2025-04-15T13:49:00+00:00,61277.340000
2025-04-15T14:19:00+00:00,61036.100000
2025-04-15T14:29:00+00:00,61035.360000
2025-04-15T15:24:00+00:00,60797.620000
2025-04-16T13:54:00+00:00,60796.880000
2025-04-16T15:24:00+00:00,60542.640000
2025-04-16T15:24:00+00:00,60541.900000
2025-04-16T16:04:00+00:00,60278.160000
2025-04-17T14:24:00+00:00,60277.420000
2025-04-17T18:14:00+00:00,59977.180000
2025-04-17T18:24:00+00:00,59976.440000
2025-04-17T19:14:00+00:00,59715.200000
2025-04-21T13:54:00+00:00,59713.720000
2025-04-21T15:34:00+00:00,60592.240000
2025-04-22T13:49:00+00:00,60591.500000
2025-04-22T20:09:00+00:00,60836.260000
2025-04-23T14:34:00+00:00,60835.520000
2025-04-23T15:24:00+00:00,60396.780000
2025-04-23T15:29:00+00:00,60396.040000
2025-04-23T20:09:00+00:00,60611.300000
2025-04-24T13:49:00+00:00,60610.560000
2025-04-24T16:34:00+00:00,61144.820000
2025-04-25T13:54:00+00:00,61143.340000
2025-04-25T14:09:00+00:00,60707.860000
2025-04-25T14:09:00+00:00,60707.120000
2025-04-25T14:24:00+00:00,60464.880000
2025-04-28T13:59:00+00:00,60464.140000
2025-04-28T20:09:00+00:00,60398.400000
2025-04-29T13:49:00+00:00,60396.920000
2025-04-29T20:09:00+00:00,60868.440000
2025-04-30T13:59:00+00:00,60867.700000
2025-04-30T14:29:00+00:00,60499.960000
2025-04-30T14:29:00+00:00,60499.220000
2025-04-30T19:54:00+00:00,61195.480000
2025-05-01T13:59:00+00:00,61194.000000
2025-05-01T14:29:00+00:00,60736.520000
2025-05-01T14:29:00+00:00,60735.040000
2025-05-01T19:59:00+00:00,60286.560000
2025-05-02T14:09:00+00:00,60285.080000
2025-05-02T20:09:00+00:00,60628.600000
2025-05-05T14:04:00+00:00,60626.380000
2025-05-05T20:09:00+00:00,60424.660000
2025-05-06T00:44:00+00:00,60422.440000
2025-05-06T08:24:00+00:00,61260.220000
2025-05-06T13:54:00+00:00,61258.740000
2025-05-06T14:19:00+00:00,60816.260000
2025-05-06T14:19:00+00:00,60814.780000
2025-05-06T20:09:00+00:00,60849.300000
2025-05-07T13:59:00+00:00,60847.080000
2025-05-07T14:54:00+00:00,60414.360000
2025-05-07T14:54:00+00:00,60412.880000
2025-05-07T19:44:00+00:00,60066.400000
2025-05-08T13:49:00+00:00,60064.920000
2025-05-08T15:29:00+00:00,59674.440000
2025-05-08T15:34:00+00:00,59672.960000
2025-05-08T20:09:00+00:00,59596.480000
2025-05-09T14:19:00+00:00,59594.260000
2025-05-09T20:09:00+00:00,60003.040000
2025-05-12T14:29:00+00:00,60002.300000
2025-05-12T17:09:00+00:00,59640.060000
2025-05-12T17:09:00+00:00,59639.320000
2025-05-12T20:09:00+00:00,59679.080000
2025-05-13T13:54:00+00:00,59678.340000
2025-05-13T20:09:00+00:00,59951.100000
2025-05-14T13:49:00+00:00,59949.620000
2025-05-14T16:34:00+00:00,59561.140000
2025-05-14T16:34:00+00:00,59559.660000
2025-05-14T17:24:00+00:00,59165.180000
2025-05-15T13:49:00+00:00,59162.960000
2025-05-15T14:04:00+00:00,58731.740000
2025-05-15T14:34:00+00:00,58729.520000
2025-05-15T15:04:00+00:00,58326.800000
2025-05-16T14:39:00+00:00,58325.320000
2025-05-16T17:34:00+00:00,57948.840000
2025-05-16T17:34:00+00:00,57947.360000
2025-05-16T20:09:00+00:00,58028.880000
2025-05-19T13:49:00+00:00,58028.140000
2025-05-19T20:09:00+00:00,58275.900000
2025-05-20T13:49:00+00:00,58273.680000
2025-05-20T14:39:00+00:00,57879.960000
2025-05-20T14:44:00+00:00,57877.000000
2025-05-20T15:04:00+00:00,57442.040000
2025-05-21T13:49:00+00:00,57440.560000
2025-05-21T17:24:00+00:00,57017.080000
2025-05-21T17:24:00+00:00,57015.600000
2025-05-21T20:09:00+00:00,57552.120000
2025-05-22T13:54:00+00:00,57551.380000
2025-05-22T20:09:00+00:00,57457.640000
2025-05-23T14:14:00+00:00,57456.900000
2025-05-23T20:09:00+00:00,57395.660000
2025-05-26T14:34:00+00:00,57393.440000
2025-05-27T07:34:00+00:00,57029.720000
2025-05-27T13:59:00+00:00,57028.240000
2025-05-27T20:09:00+00:00,57730.760000
2025-05-28T13:49:00+00:00,57729.280000
2025-05-28T20:09:00+00:00,58090.800000
2025-05-29T13:49:00+00:00,58090.060000
2025-05-29T20:09:00+00:00,58295.320000
2025-05-30T13:49:00+00:00,58293.840000
2025-05-30T14:29:00+00:00,57892.360000
2025-05-30T14:39:00+00:00,57890.880000
2025-05-30T15:44:00+00:00,57489.400000
2025-06-02T14:04:00+00:00,57488.660000
2025-06-02T17:04:00+00:00,57133.420000
2025-06-02T17:04:00+00:00,57132.680000
2025-06-02T20:09:00+00:00,57317.940000
2025-06-03T14:04:00+00:00,57316.460000
2025-06-03T20:09:00+00:00,57540.980000
2025-06-04T14:04:00+00:00,57539.500000
2025-06-04T18:04:00+00:00,57139.020000
2025-06-04T18:29:00+00:00,57137.540000
2025-06-04T20:09:00+00:00,56971.060000
2025-06-05T13:59:00+00:00,56970.320000
2025-06-05T14:44:00+00:00,56735.580000
2025-06-05T14:59:00+00:00,56734.840000
2025-06-05T16:49:00+00:00,56488.600000
2025-06-06T13:49:00+00:00,56487.120000
2025-06-06T14:29:00+00:00,56127.640000
2025-06-06T16:44:00+00:00,56126.160000
2025-06-06T18:09:00+00:00,55759.680000
2025-06-09T14:09:00+00:00,55758.200000
2025-06-09T20:09:00+00:00,55685.720000
2025-06-10T15:34:00+00:00,55684.980000
2025-06-10T16:04:00+00:00,55466.740000
2025-06-10T16:04:00+00:00,55465.260000
2025-06-10T20:09:00+00:00,55664.780000
2025-06-11T13:49:00+00:00,55663.300000
2025-06-11T14:24:00+00:00,55373.820000
2025-06-11T14:24:00+00:00,55372.340000
2025-06-11T16:09:00+00:00,55081.860000
2025-06-12T13:49:00+00:00,55079.640000
2025-06-12T20:09:00+00:00,55348.920000
2025-06-13T14:29:00+00:00,55348.180000
2025-06-13T15:24:00+00:00,55026.440000
2025-06-13T15:29:00+00:00,55025.700000
2025-06-13T18:34:00+00:00,54752.460000
2025-06-16T13:49:00+00:00,54750.980000
2025-06-16T20:09:00+00:00,55001.500000
2025-06-17T14:14:00+00:00,55000.020000
2025-06-17T16:59:00+00:00,54639.540000
2025-06-17T17:29:00+00:00,54638.060000
2025-06-17T20:09:00+00:00,54849.580000
2025-06-18T13:49:00+00:00,54848.100000
2025-06-18T18:59:00+00:00,54540.620000
2025-06-18T18:59:00+00:00,54539.140000
2025-06-18T19:14:00+00:00,54224.660000
2025-06-19T13:49:00+00:00,54223.920000
2025-06-19T22:04:00+00:00,54013.680000
2025-06-19T22:04:00+00:00,54012.940000
2025-06-20T13:29:00+00:00,54494.200000
2025-06-20T13:59:00+00:00,54493.460000
2025-06-20T15:04:00+00:00,54942.720000
2025-06-23T13:49:00+00:00,54941.980000
2025-06-23T16:39:00+00:00,54649.740000
2025-06-23T17:04:00+00:00,54649.000000
2025-06-23T20:09:00+00:00,54995.260000
2025-06-24T14:44:00+00:00,54993.780000
2025-06-24T20:09:00+00:00,55247.300000
2025-06-25T14:14:00+00:00,55245.820000
2025-06-25T20:09:00+00:00,55287.340000
2025-06-26T14:24:00+00:00,55285.860000
2025-06-26T20:09:00+00:00,55623.380000
2025-06-27T13:54:00+00:00,55621.160000
2025-06-27T18:19:00+00:00,55266.440000
2025-06-27T18:29:00+00:00,55264.960000
2025-06-27T19:54:00+00:00,54955.480000
2025-06-30T13:49:00+00:00,54954.000000
2025-06-30T19:24:00+00:00,54649.520000
2025-06-30T19:24:00+00:00,54648.040000
2025-06-30T20:09:00+00:00,54624.560000
2025-07-01T13:54:00+00:00,54621.600000
2025-07-01T14:24:00+00:00,54262.640000
2025-07-01T14:29:00+00:00,54260.420000
2025-07-01T15:09:00+00:00,54906.200000
2025-07-02T13:49:00+00:00,54903.980000
2025-07-02T14:54:00+00:00,55606.760000
2025-07-03T13:54:00+00:00,55604.540000
2025-07-04T08:19:00+00:00,55218.320000
2025-07-04T13:54:00+00:00,55215.360000
2025-07-06T22:04:00+00:00,55888.400000
2025-07-07T14:59:00+00:00,55886.920000
2025-07-07T20:09:00+00:00,56038.440000
2025-07-08T13:59:00+00:00,56036.220000
2025-07-08T16:24:00+00:00,55660.500000
2025-07-08T16:24:00+00:00,55658.280000
2025-07-08T16:39:00+00:00,55309.560000
2025-07-09T13:49:00+00:00,55308.820000
2025-07-09T14:39:00+00:00,55092.580000
2025-07-09T14:44:00+00:00,55091.100000
2025-07-09T20:09:00+00:00,54803.620000
2025-07-10T13:49:00+00:00,54802.140000
2025-07-10T20:09:00+00:00,54731.660000
2025-07-11T13:59:00+00:00,54730.180000
2025-07-11T20:09:00+00:00,54652.700000
2025-07-14T14:59:00+00:00,54651.960000
2025-07-14T20:09:00+00:00,54722.720000
2025-07-15T14:59:00+00:00,54721.980000
2025-07-15T20:09:00+00:00,54853.740000
2025-07-16T13:49:00+00:00,54852.260000
2025-07-16T19:44:00+00:00,54481.780000
2025-07-17T13:49:00+00:00,54480.300000
2025-07-17T18:04:00+00:00,55042.820000
2025-07-18T14:04:00+00:00,55040.600000
2025-07-18T20:09:00+00:00,55180.880000
2025-07-21T13:49:00+00:00,55180.140000
2025-07-21T20:09:00+00:00,55123.400000
2025-07-22T13:49:00+00:00,55122.660000
2025-07-22T20:09:00+00:00,55139.420000
2025-07-23T13:59:00+00:00,55137.940000
2025-07-23T15:54:00+00:00,54744.460000
2025-07-23T18:04:00+00:00,54742.980000
2025-07-23T20:09:00+00:00,55057.500000
2025-07-24T14:09:00+00:00,55056.020000
2025-07-24T15:54:00+00:00,54774.540000
2025-07-24T17:14:00+00:00,54773.060000
2025-07-24T20:09:00+00:00,54651.580000
2025-07-25T13:49:00+00:00,54649.360000
2025-07-25T20:09:00+00:00,54876.640000
2025-07-28T13:54:00+00:00,54873.680000
2025-07-28T15:19:00+00:00,54534.720000
2025-07-28T15:19:00+00:00,54531.760000
2025-07-28T16:24:00+00:00,54164.800000
2025-07-29T13:49:00+00:00,54162.580000
2025-07-29T15:29:00+00:00,54913.360000
2025-07-30T14:24:00+00:00,54911.140000
2025-07-30T18:59:00+00:00,54518.920000
2025-07-30T18:59:00+00:00,54517.440000
2025-07-30T20:04:00+00:00,54125.960000
2025-07-31T14:49:00+00:00,54125.220000
2025-07-31T20:04:00+00:00,54720.480000
2025-08-01T13:49:00+00:00,54719.740000
2025-08-01T20:09:00+00:00,54703.500000
2025-08-04T13:49:00+00:00,54702.760000
2025-08-04T20:09:00+00:00,54940.020000
2025-08-05T13:49:00+00:00,54938.540000
2025-08-05T14:19:00+00:00,54625.060000
2025-08-05T14:24:00+00:00,54623.580000
2025-08-05T15:44:00+00:00,55286.100000
2025-08-06T13:54:00+00:00,55284.620000
2025-08-06T17:44:00+00:00,55935.140000
2025-08-07T13:59:00+00:00,55933.660000
2025-08-07T14:14:00+00:00,55641.180000
2025-08-07T14:24:00+00:00,55639.700000
2025-08-07T16:49:00+00:00,56306.220000
2025-08-08T13:49:00+00:00,56304.740000
2025-08-08T20:09:00+00:00,56740.260000
2025-08-11T13:59:00+00:00,56738.040000
2025-08-11T18:04:00+00:00,56350.320000
2025-08-11T18:24:00+00:00,56348.100000
2025-08-11T20:09:00+00:00,56575.380000
2025-08-12T13:49:00+00:00,56574.640000
2025-08-12T15:09:00+00:00,56356.900000
2025-08-12T15:09:00+00:00,56355.420000
2025-08-12T20:09:00+00:00,56849.940000
2025-08-13T13:59:00+00:00,56846.980000
2025-08-13T15:14:00+00:00,57664.020000
2025-08-14T13:49:00+00:00,57662.540000
2025-08-14T20:09:00+00:00,57477.060000
2025-08-15T02:24:00+00:00,57475.580000
2025-08-15T13:44:00+00:00,57132.100000
2025-08-15T13:49:00+00:00,57131.360000
2025-08-15T20:09:00+00:00,57109.620000
2025-08-18T13:54:00+00:00,57107.400000
2025-08-18T14:24:00+00:00,56745.180000
2025-08-18T14:39:00+00:00,56742.960000
2025-08-18T20:09:00+00:00,56521.740000
2025-08-19T13:49:00+00:00,56521.000000
2025-08-19T20:09:00+00:00,56858.260000
2025-08-20T13:49:00+00:00,56857.520000
2025-08-20T20:09:00+00:00,56745.780000
2025-08-21T13:59:00+00:00,56744.300000
2025-08-21T14:14:00+00:00,56331.820000
2025-08-21T14:19:00+00:00,56330.340000
2025-08-21T15:59:00+00:00,55910.860000
2025-08-22T13:49:00+00:00,55910.120000
2025-08-22T14:14:00+00:00,56420.380000
2025-08-25T13:59:00+00:00,56418.900000
2025-08-25T20:09:00+00:00,56380.420000
2025-08-26T00:39:00+00:00,56378.940000
2025-08-26T13:44:00+00:00,56009.460000
2025-08-26T13:49:00+00:00,56007.980000
2025-08-26T14:14:00+00:00,55709.500000
2025-08-27T13:49:00+00:00,55707.280000
2025-08-27T14:14:00+00:00,55309.060000
2025-08-27T14:14:00+00:00,55306.840000
2025-08-27T20:09:00+00:00,55648.120000
2025-08-28T13:54:00+00:00,55647.380000
2025-08-28T15:19:00+00:00,55393.140000
2025-08-28T16:29:00+00:00,55392.400000
2025-08-28T20:09:00+00:00,55402.660000
2025-08-29T13:49:00+00:00,55401.920000
2025-08-29T20:09:00+00:00,55564.180000
2025-09-01T13:49:00+00:00,55561.220000
2025-09-01T23:24:00+00:00,55204.260000
2025-09-01T23:24:00+00:00,55201.300000
2025-09-02T01:09:00+00:00,54798.340000
2025-09-02T13:49:00+00:00,54797.600000
2025-09-02T20:09:00+00:00,55126.860000
2025-09-03T14:19:00+00:00,55125.380000
2025-09-03T17:49:00+00:00,54837.900000
2025-09-03T17:59:00+00:00,54836.420000
2025-09-03T19:59:00+00:00,54541.940000
2025-09-04T14:04:00+00:00,54541.200000
2025-09-04T15:24:00+00:00,54308.960000
2025-09-04T15:54:00+00:00,54307.480000
2025-09-04T20:09:00+00:00,54776.000000
2025-09-05T14:09:00+00:00,54775.260000
2025-09-05T14:49:00+00:00,55198.520000
2025-09-08T13:54:00+00:00,55197.040000
2025-09-08T17:54:00+00:00,54821.560000
2025-09-08T19:14:00+00:00,54820.080000
2025-09-08T20:09:00+00:00,54660.600000
2025-09-09T13:54:00+00:00,54657.640000
2025-09-09T19:24:00+00:00,54248.680000
2025-09-10T13:54:00+00:00,54247.200000
2025-09-10T20:09:00+00:00,54391.720000
2025-09-11T14:34:00+00:00,54390.240000
2025-09-11T20:09:00+00:00,54475.760000
2025-09-12T14:24:00+00:00,54474.280000
2025-09-12T20:09:00+00:00,54619.800000
2025-09-15T13:49:00+00:00,54617.580000
2025-09-15T20:09:00+00:00,55018.860000
2025-09-16T13:54:00+00:00,55016.640000
2025-09-16T20:09:00+00:00,55011.420000
2025-09-17T14:09:00+00:00,55009.940000
2025-09-17T18:19:00+00:00,55608.460000
2025-09-18T14:04:00+00:00,55606.980000
2025-09-18T20:09:00+00:00,55558.500000
2025-09-19T13:49:00+00:00,55556.280000
2025-09-19T14:49:00+00:00,55218.060000
2025-09-19T15:14:00+00:00,55215.100000
2025-09-19T16:04:00+00:00,54826.140000
2025-09-22T13:49:00+00:00,54823.180000
2025-09-22T16:14:00+00:00,55512.220000
2025-09-23T13:59:00+00:00,55510.740000
2025-09-23T17:44:00+00:00,56067.260000
2025-09-24T13:49:00+00:00,56065.780000
2025-09-24T20:09:00+00:00,56285.300000
2025-09-25T14:19:00+00:00,56284.560000
2025-09-25T20:09:00+00:00,56313.320000
2025-09-26T14:24:00+00:00,56312.580000
2025-09-26T17:14:00+00:00,56028.340000
2025-09-26T18:24:00+00:00,56027.600000
2025-09-26T20:09:00+00:00,56062.860000
2025-09-29T13:49:00+00:00,56061.380000
2025-09-29T15:39:00+00:00,55663.900000
2025-09-29T15:54:00+00:00,55662.420000
2025-09-29T20:09:00+00:00,55708.940000
2025-09-30T13:54:00+00:00,55707.460000
2025-09-30T14:49:00+00:00,55316.980000
2025-09-30T14:59:00+00:00,55315.500000
2025-09-30T17:24:00+00:00,54910.020000
2025-10-01T13:49:00+00:00,54909.280000
2025-10-01T14:19:00+00:00,54699.040000
2025-10-01T14:19:00+00:00,54698.300000
2025-10-01T20:09:00+00:00,54973.060000
2025-10-02T13:49:00+00:00,54972.320000
2025-10-02T20:09:00+00:00,54783.580000
2025-10-03T03:49:00+00:00,54782.840000
2025-10-03T13:59:00+00:00,54652.100000
2025-10-03T13:59:00+00:00,54649.880000
2025-10-03T14:04:00+00:00,54648.400000
2025-10-03T17:49:00+00:00,55363.180000
2025-10-03T17:54:00+00:00,56001.700000
2025-10-06T17:24:00+00:00,56000.960000
2025-10-06T20:09:00+00:00,55914.220000
2025-10-07T14:29:00+00:00,55911.260000
2025-10-07T15:09:00+00:00,56708.300000
2025-10-08T13:49:00+00:00,56706.820000
2025-10-08T19:59:00+00:00,57405.340000
2025-10-09T14:29:00+00:00,57403.860000
2025-10-09T20:09:00+00:00,57230.380000
2025-10-09T23:59:00+00:00,57228.900000
2025-10-10T09:54:00+00:00,56921.420000
2025-10-10T14:59:00+00:00,56920.680000
2025-10-10T15:24:00+00:00,57648.940000
2025-10-13T13:59:00+00:00,57648.200000
2025-10-13T20:09:00+00:00,57705.460000
2025-10-14T14:24:00+00:00,57704.720000
2025-10-14T20:09:00+00:00,57737.480000
2025-10-15T13:49:00+00:00,57736.000000
2025-10-15T13:59:00+00:00,57384.520000
2025-10-15T13:59:00+00:00,57383.040000
2025-10-15T15:49:00+00:00,57006.560000
2025-10-16T14:34:00+00:00,57005.080000
2025-10-16T15:29:00+00:00,56716.600000
2025-10-16T15:44:00+00:00,56715.860000
2025-10-16T16:34:00+00:00,57149.120000
2025-10-17T13:54:00+00:00,57148.380000
2025-10-17T20:09:00+00:00,57467.640000
2025-10-20T13:54:00+00:00,57466.900000
2025-10-20T20:09:00+00:00,57619.660000
2025-10-21T14:04:00+00:00,57618.180000
2025-10-21T15:49:00+00:00,57299.700000
2025-10-21T15:49:00+00:00,57298.220000
2025-10-21T20:04:00+00:00,56993.740000
2025-10-22T13:54:00+00:00,56993.000000
2025-10-22T14:29:00+00:00,56775.760000
2025-10-22T14:29:00+00:00,56775.020000
2025-10-22T17:44:00+00:00,57359.280000
2025-10-23T13:49:00+00:00,57358.540000
2025-10-23T20:09:00+00:00,57620.300000
2025-10-24T14:09:00+00:00,57618.820000
2025-10-24T20:09:00+00:00,57539.340000
2025-10-27T14:04:00+00:00,57537.120000
2025-10-27T20:09:00+00:00,58128.900000
2025-10-28T13:54:00+00:00,58126.680000
2025-10-28T16:29:00+00:00,57759.960000
2025-10-28T16:34:00+00:00,57757.740000
2025-10-28T20:09:00+00:00,58039.020000
2025-10-29T13:59:00+00:00,58036.800000
2025-10-29T14:54:00+00:00,57649.080000
2025-10-29T15:29:00+00:00,57645.380000
2025-10-29T18:39:00+00:00,58431.680000
2025-10-30T13:54:00+00:00,58430.940000
2025-10-30T19:19:00+00:00,58048.700000
2025-10-30T19:19:00+00:00,58047.960000
2025-10-30T20:09:00+00:00,57966.720000
2025-10-31T14:04:00+00:00,57965.980000
2025-10-31T20:09:00+00:00,58114.240000
2025-11-03T14:49:00+00:00,58113.500000
2025-11-03T21:09:00+00:00,58127.760000
2025-11-04T14:54:00+00:00,58127.020000
2025-11-04T17:19:00+00:00,57747.280000
2025-11-04T17:19:00+00:00,57746.540000
2025-11-04T21:09:00+00:00,57939.800000
2025-11-05T14:49:00+00:00,57939.060000
2025-11-05T18:39:00+00:00,58420.320000
2025-11-06T14:54:00+00:00,58419.580000
2025-11-06T15:59:00+00:00,58943.840000
2025-11-07T15:39:00+00:00,58943.100000
2025-11-07T19:59:00+00:00,58503.360000
2025-11-07T19:59:00+00:00,58502.620000
2025-11-07T21:09:00+00:00,58657.380000
2025-11-10T15:04:00+00:00,58656.640000
2025-11-10T15:59:00+00:00,58425.400000
2025-11-10T15:59:00+00:00,58424.660000
2025-11-10T17:59:00+00:00,58191.420000
2025-11-11T14:49:00+00:00,58189.200000
2025-11-11T18:19:00+00:00,57807.480000
2025-11-11T18:19:00+00:00,57805.260000
2025-11-11T21:09:00+00:00,57837.540000
2025-11-12T14:49:00+00:00,57836.800000
2025-11-12T21:09:00+00:00,57705.060000
2025-11-13T15:49:00+00:00,57704.320000
2025-11-13T21:09:00+00:00,57880.080000
2025-11-14T14:49:00+00:00,57879.340000
2025-11-14T21:09:00+00:00,58308.600000
2025-11-17T14:49:00+00:00,58307.860000
2025-11-17T16:19:00+00:00,57779.620000
2025-11-17T18:59:00+00:00,57778.880000
2025-11-17T21:09:00+00:00,57755.140000
2025-11-18T14:49:00+00:00,57754.400000
2025-11-18T21:09:00+00:00,57885.160000
2025-11-19T14:49:00+00:00,57884.420000
2025-11-19T17:34:00+00:00,57490.180000
2025-11-19T17:34:00+00:00,57489.440000
2025-11-19T20:19:00+00:00,57114.200000
2025-11-20T14:59:00+00:00,57113.460000
2025-11-20T16:04:00+00:00,56855.720000
2025-11-20T16:04:00+00:00,56854.980000
2025-11-20T16:39:00+00:00,57455.240000
2025-11-21T14:54:00+00:00,57454.500000
2025-11-21T15:04:00+00:00,57198.260000
2025-11-21T15:04:00+00:00,57197.520000
2025-11-21T16:54:00+00:00,56915.780000
2025-11-24T15:04:00+00:00,56915.040000
2025-11-24T21:09:00+00:00,57368.300000
2025-11-25T14:49:00+00:00,57367.560000
2025-11-25T16:24:00+00:00,56869.320000
2025-11-25T16:54:00+00:00,56868.580000
2025-11-25T21:09:00+00:00,57224.840000
2025-11-26T14:59:00+00:00,57223.360000
2025-11-26T15:59:00+00:00,56808.880000
2025-11-26T16:04:00+00:00,56807.400000
2025-11-26T21:09:00+00:00,56942.920000
2025-11-27T23:09:00+00:00,56938.480000
2025-11-28T13:34:00+00:00,57738.040000
2025-11-28T16:09:00+00:00,57736.560000
2025-12-01T00:49:00+00:00,57319.080000
2025-12-01T14:54:00+00:00,57318.340000
2025-12-01T21:09:00+00:00,57402.600000
2025-12-02T15:04:00+00:00,57401.860000
2025-12-02T16:24:00+00:00,57073.620000
2025-12-02T16:24:00+00:00,57072.880000
2025-12-02T17:29:00+00:00,56770.640000
2025-12-03T15:04:00+00:00,56769.900000
2025-12-03T21:09:00+00:00,56925.160000
2025-12-04T16:04:00+00:00,56924.420000
2025-12-04T21:09:00+00:00,56721.680000
2025-12-05T04:09:00+00:00,56720.940000
2025-12-05T14:54:00+00:00,56720.200000
2025-12-05T16:34:00+00:00,56475.960000
2025-12-05T21:09:00+00:00,56517.720000
2025-12-08T14:49:00+00:00,56516.240000
2025-12-08T21:09:00+00:00,56887.760000
2025-12-09T15:29:00+00:00,56886.280000
2025-12-09T21:09:00+00:00,56993.800000
2025-12-10T15:59:00+00:00,56992.320000
2025-12-10T17:54:00+00:00,56601.840000
2025-12-10T17:54:00+00:00,56600.360000
2025-12-10T21:09:00+00:00,57032.880000
2025-12-11T14:49:00+00:00,57032.140000
2025-12-11T18:39:00+00:00,56704.400000
2025-12-11T18:39:00+00:00,56703.660000
2025-12-11T21:09:00+00:00,56840.420000
2025-12-12T14:49:00+00:00,56839.680000
2025-12-12T15:59:00+00:00,57287.940000
2025-12-15T14:54:00+00:00,57287.200000
2025-12-15T21:09:00+00:00,57628.460000
2025-12-16T14:59:00+00:00,57627.720000
2025-12-16T15:29:00+00:00,57267.480000
2025-12-16T17:59:00+00:00,57266.740000
2025-12-16T19:54:00+00:00,56974.000000
2025-12-17T14:54:00+00:00,56973.260000
2025-12-17T18:44:00+00:00,57614.520000
2025-12-18T15:34:00+00:00,57613.780000
2025-12-18T21:09:00+00:00,57346.540000
2025-12-19T14:59:00+00:00,57345.800000
2025-12-19T21:09:00+00:00,57396.560000
2025-12-22T15:39:00+00:00,57395.820000
2025-12-22T21:09:00+00:00,57286.080000
2025-12-23T15:04:00+00:00,57284.600000
2025-12-23T15:59:00+00:00,56881.120000
2025-12-23T16:04:00+00:00,56879.640000
2025-12-23T21:09:00+00:00,57168.160000
2025-12-24T15:14:00+00:00,57165.200000
2025-12-26T13:44:00+00:00,57870.240000
2025-12-26T15:04:00+00:00,57868.020000
2025-12-26T21:09:00+00:00,57846.300000
2025-12-29T17:29:00+00:00,57845.560000
2025-12-29T21:09:00+00:00,57685.820000
2025-12-30T14:49:00+00:00,57683.600000
2025-12-30T15:44:00+00:00,57351.380000
2025-12-30T15:59:00+00:00,57349.160000
2025-12-30T20:59:00+00:00,56971.940000
2025-12-31T14:49:00+00:00,56970.460000
2025-12-31T21:09:00+00:00,57592.980000
