event_type,ts_utc
FOMC,2021-06-16T18:00:00+00:00
CPI,2021-07-13T12:30:00+00:00
PPI,2021-07-14T12:30:00+00:00
FOMC,2021-07-28T18:00:00+00:00
CPI,2021-08-11T12:30:00+00:00
PPI,2021-08-12T12:30:00+00:00
PPI,2021-09-10T12:30:00+00:00
CPI,2021-09-14T12:30:00+00:00
FOMC,2021-09-22T18:00:00+00:00
CPI,2021-10-13T12:30:00+00:00
PPI,2021-10-14T12:30:00+00:00
FOMC,2021-11-03T18:00:00+00:00
PPI,2021-11-09T13:30:00+00:00
CPI,2021-11-10T13:30:00+00:00
CPI,2021-12-10T13:30:00+00:00
PPI,2021-12-14T13:30:00+00:00
FOMC,2021-12-15T19:00:00+00:00
CPI,2022-01-12T13:30:00+00:00
PPI,2022-01-13T13:30:00+00:00
FOMC,2022-01-26T19:00:00+00:00
CPI,2022-02-10T13:30:00+00:00
PPI,2022-02-15T13:30:00+00:00
CPI,2022-03-10T13:30:00+00:00
PPI,2022-03-15T12:30:00+00:00
FOMC,2022-03-16T18:00:00+00:00
CPI,2022-04-12T12:30:00+00:00
PPI,2022-04-13T12:30:00+00:00
FOMC,2022-05-04T18:00:00+00:00
CPI,2022-05-11T12:30:00+00:00
PPI,2022-05-12T12:30:00+00:00
CPI,2022-06-10T12:30:00+00:00
PPI,2022-06-14T12:30:00+00:00
FOMC,2022-06-15T18:00:00+00:00
CPI,2022-07-13T12:30:00+00:00
PPI,2022-07-14T12:30:00+00:00
FOMC,2022-07-27T18:00:00+00:00
CPI,2022-08-10T12:30:00+00:00
PPI,2022-08-11T12:30:00+00:00
CPI,2022-09-13T12:30:00+00:00
PPI,2022-09-14T12:30:00+00:00
FOMC,2022-09-21T18:00:00+00:00
PPI,2022-10-12T12:30:00+00:00
CPI,2022-10-13T12:30:00+00:00
FOMC,2022-11-02T18:00:00+00:00
CPI,2022-11-10T13:30:00+00:00
PPI,2022-11-15T13:30:00+00:00
PPI,2022-12-09T13:30:00+00:00
CPI,2022-12-13T13:30:00+00:00
FOMC,2022-12-14T19:00:00+00:00
CPI,2023-01-12T13:30:00+00:00
PPI,2023-01-18T13:30:00+00:00
FOMC,2023-02-01T19:00:00+00:00
CPI,2023-02-14T13:30:00+00:00
PPI,2023-02-16T13:30:00+00:00
CPI,2023-03-14T12:30:00+00:00
PPI,2023-03-15T12:30:00+00:00
FOMC,2023-03-22T18:00:00+00:00
CPI,2023-04-12T12:30:00+00:00
PPI,2023-04-13T12:30:00+00:00
FOMC,2023-05-03T18:00:00+00:00
CPI,2023-05-10T12:30:00+00:00
PPI,2023-05-11T12:30:00+00:00
CPI,2023-06-13T12:30:00+00:00
PPI,2023-06-14T12:30:00+00:00
FOMC,2023-06-14T18:00:00+00:00
CPI,2023-07-12T12:30:00+00:00
PPI,2023-07-13T12:30:00+00:00
FOMC,2023-07-26T18:00:00+00:00
CPI,2023-08-10T12:30:00+00:00
PPI,2023-08-11T12:30:00+00:00
CPI,2023-09-13T12:30:00+00:00
PPI,2023-09-14T12:30:00+00:00
FOMC,2023-09-20T18:00:00+00:00
PPI,2023-10-11T12:30:00+00:00
CPI,2023-10-12T12:30:00+00:00
FOMC,2023-11-01T18:00:00+00:00
CPI,2023-11-14T13:30:00+00:00
PPI,2023-11-15T13:30:00+00:00
CPI,2023-12-12T13:30:00+00:00
PPI,2023-12-13T13:30:00+00:00
FOMC,2023-12-13T19:00:00+00:00
CPI,2024-01-11T13:30:00+00:00
PPI,2024-01-12T13:30:00+00:00
FOMC,2024-01-31T19:00:00+00:00
CPI,2024-02-13T13:30:00+00:00
PPI,2024-02-16T13:30:00+00:00
CPI,2024-03-12T12:30:00+00:00
PPI,2024-03-14T12:30:00+00:00
FOMC,2024-03-20T18:00:00+00:00
CPI,2024-04-10T12:30:00+00:00
PPI,2024-04-11T12:30:00+00:00
FOMC,2024-05-01T18:00:00+00:00
PPI,2024-05-14T12:30:00+00:00
CPI,2024-05-15T12:30:00+00:00
CPI,2024-06-12T12:30:00+00:00
FOMC,2024-06-12T18:00:00+00:00
PPI,2024-06-13T12:30:00+00:00
CPI,2024-07-11T12:30:00+00:00
PPI,2024-07-12T12:30:00+00:00
FOMC,2024-07-31T18:00:00+00:00
PPI,2024-08-13T12:30:00+00:00
CPI,2024-08-14T12:30:00+00:00
CPI,2024-09-11T12:30:00+00:00
PPI,2024-09-12T12:30:00+00:00
FOMC,2024-09-18T18:00:00+00:00
CPI,2024-10-10T12:30:00+00:00
PPI,2024-10-11T12:30:00+00:00
FOMC,2024-11-07T19:00:00+00:00
CPI,2024-11-13T13:30:00+00:00
PPI,2024-11-14T13:30:00+00:00
CPI,2024-12-11T13:30:00+00:00
PPI,2024-12-12T13:30:00+00:00
FOMC,2024-12-18T19:00:00+00:00
PPI,2025-01-14T13:30:00+00:00
CPI,2025-01-15T13:30:00+00:00
FOMC,2025-01-29T19:00:00+00:00
CPI,2025-02-12T13:30:00+00:00
PPI,2025-02-13T13:30:00+00:00
CPI,2025-03-12T12:30:00+00:00
PPI,2025-03-13T12:30:00+00:00
FOMC,2025-03-19T18:00:00+00:00
CPI,2025-04-10T12:30:00+00:00
PPI,2025-04-11T12:30:00+00:00
FOMC,2025-05-07T18:00:00+00:00
CPI,2025-05-13T12:30:00+00:00
PPI,2025-05-15T12:30:00+00:00
CPI,2025-06-11T12:30:00+00:00
PPI,2025-06-12T12:30:00+00:00
FOMC,2025-06-18T18:00:00+00:00
CPI,2025-07-15T12:30:00+00:00
PPI,2025-07-16T12:30:00+00:00
FOMC,2025-07-30T18:00:00+00:00
CPI,2025-08-12T12:30:00+00:00
PPI,2025-08-14T12:30:00+00:00
PPI,2025-09-10T12:30:00+00:00
CPI,2025-09-11T12:30:00+00:00
FOMC,2025-09-17T18:00:00+00:00
CPI,2025-10-24T12:30:00+00:00
FOMC,2025-10-29T18:00:00+00:00
PPI,2025-11-25T13:30:00+00:00
FOMC,2025-12-10T19:00:00+00:00
CPI,2025-12-18T13:30:00+00:00
CPI,2026-01-13T13:30:00+00:00
PPI,2026-01-15T13:30:00+00:00
FOMC,2026-01-28T19:00:00+00:00
CPI,2026-02-11T13:30:00+00:00
PPI,2026-02-27T13:30:00+00:00
CPI,2026-03-11T12:30:00+00:00
PPI,2026-03-13T12:30:00+00:00
FOMC,2026-03-18T18:00:00+00:00
CPI,2026-04-10T12:30:00+00:00
PPI,2026-04-14T12:30:00+00:00
FOMC,2026-04-29T18:00:00+00:00
CPI,2026-05-12T12:30:00+00:00
PPI,2026-05-15T12:30:00+00:00
CPI,2026-06-10T12:30:00+00:00
